time,tx_bytes,tx_pkts,tx_discard,tx_wifi_sent_be,tx_wifi_sent_bk,tx_wifi_sent_vi,tx_wifi_sent_vo,tx_wifi_drop_be,tx_wifi_drop_bk,tx_wifi_drop_vi,tx_wifi_drop_vo,tx_err,tx_unicast,tx_multicast,tx_broadcast,tx_phy_rate,tx_mgmt,tx_mcs_index,tx_nss,tx_bw,tx_sgi,rx_bytes,rx_pkts,rx_discard,rx_err,rx_unicast,rx_multicast,rx_broadcast,rx_unknown,rx_phy_rate,rx_mgmt,rx_ctrl,rx_mcs_index,rx_nss,rx_bw,rx_sgi,hw_noise,snr,rssi,bw
0,6010820.0,64716.0,0.0,63767.0,0.0,0.0,949.0,202.0,0.0,0.0,5.0,0.0,64716.0,0.0,0.0,351.0,11.0,8.0,1.0,80.0,0.0,474435221.0,341607.0,0.0,0.0,341510.0,87.0,10.0,0.0,702.0,11.0,0.0,8.0,2.0,80.0,0.0,-79.1,23.0,43.0,-1234
1,6010951.0,64717.0,0.0,63767.0,0.0,0.0,950.0,202.0,0.0,0.0,5.0,0.0,64717.0,0.0,0.0,351.0,11.0,8.0,1.0,80.0,0.0,474435616.0,341612.0,0.0,0.0,341515.0,87.0,10.0,0.0,527.0,11.0,0.0,6.0,2.0,80.0,0.0,-63.3,23.0,43.0,-1234
2,6011082.0,64718.0,0.0,63767.0,0.0,0.0,951.0,202.0,0.0,0.0,5.0,0.0,64718.0,0.0,0.0,351.0,11.0,8.0,1.0,80.0,0.0,474435695.0,341613.0,0.0,0.0,341516.0,87.0,10.0,0.0,702.0,11.0,0.0,8.0,2.0,80.0,0.0,-62.9,23.0,43.0,-1234
3,6011082.0,64718.0,0.0,63767.0,0.0,0.0,951.0,202.0,0.0,0.0,5.0,0.0,64718.0,0.0,0.0,351.0,11.0,8.0,1.0,80.0,0.0,474435695.0,341613.0,0.0,0.0,341516.0,87.0,10.0,0.0,702.0,11.0,0.0,0.0,0.0,20.0,0.0,-56.1,23.0,44.0,-1234
4,6011350.0,64720.0,0.0,63767.0,0.0,0.0,953.0,202.0,0.0,0.0,5.0,0.0,64720.0,0.0,0.0,351.0,11.0,8.0,1.0,80.0,0.0,474435859.0,341615.0,0.0,0.0,341518.0,87.0,10.0,0.0,702.0,11.0,0.0,8.0,2.0,80.0,0.0,-61.0,28.0,44.0,-1234
5,6011481.0,64721.0,0.0,63767.0,0.0,0.0,954.0,202.0,0.0,0.0,5.0,0.0,64721.0,0.0,0.0,351.0,11.0,8.0,1.0,80.0,0.0,474435938.0,341616.0,0.0,0.0,341519.0,87.0,10.0,0.0,702.0,11.0,0.0,8.0,2.0,80.0,0.0,-68.6,28.0,44.0,-1234
6,6011481.0,64721.0,0.0,63767.0,0.0,0.0,954.0,202.0,0.0,0.0,5.0,0.0,64721.0,0.0,0.0,351.0,11.0,8.0,1.0,80.0,0.0,474435938.0,341616.0,0.0,0.0,341519.0,87.0,10.0,0.0,702.0,11.0,0.0,0.0,0.0,20.0,0.0,-70.9,30.0,44.0,-1234
7,6011612.0,64722.0,0.0,63767.0,0.0,0.0,955.0,202.0,0.0,0.0,5.0,0.0,64722.0,0.0,0.0,351.0,11.0,8.0,1.0,80.0,0.0,474436017.0,341617.0,0.0,0.0,341520.0,87.0,10.0,0.0,702.0,11.0,0.0,8.0,2.0,80.0,0.0,-77.5,30.0,44.0,-1234
8,6011612.0,64722.0,0.0,63767.0,0.0,0.0,955.0,202.0,0.0,0.0,5.0,0.0,64722.0,0.0,0.0,351.0,11.0,8.0,1.0,80.0,0.0,474436017.0,341617.0,0.0,0.0,341520.0,87.0,10.0,0.0,702.0,11.0,0.0,0.0,0.0,20.0,0.0,-79.2,32.0,44.0,-1234
9,6011612.0,64722.0,0.0,63767.0,0.0,0.0,955.0,202.0,0.0,0.0,5.0,0.0,64722.0,0.0,0.0,351.0,11.0,8.0,1.0,80.0,0.0,474436017.0,341617.0,0.0,0.0,341520.0,87.0,10.0,0.0,702.0,11.0,0.0,0.0,0.0,20.0,0.0,-79.2,32.0,44.0,-1234
10,6011612.0,64722.0,0.0,63767.0,0.0,0.0,955.0,202.0,0.0,0.0,5.0,0.0,64722.0,0.0,0.0,351.0,11.0,8.0,1.0,80.0,0.0,474436017.0,341617.0,0.0,0.0,341520.0,87.0,10.0,0.0,702.0,11.0,0.0,0.0,0.0,20.0,0.0,-79.2,32.0,44.0,-1234
11,6012435.0,64727.0,0.0,63771.0,0.0,0.0,956.0,202.0,0.0,0.0,5.0,0.0,64727.0,0.0,0.0,351.0,11.0,8.0,1.0,80.0,0.0,474436096.0,341618.0,0.0,0.0,341521.0,87.0,10.0,0.0,702.0,11.0,0.0,8.0,2.0,80.0,0.0,-74.7,32.0,44.0,-1234
12,6012435.0,64727.0,0.0,63771.0,0.0,0.0,956.0,202.0,0.0,0.0,5.0,0.0,64727.0,0.0,0.0,351.0,11.0,8.0,1.0,80.0,0.0,474436648.0,341624.0,0.0,0.0,341527.0,87.0,10.0,0.0,780.0,11.0,0.0,9.0,2.0,80.0,0.0,-74.3,31.0,44.0,-1234
13,6012877.0,64730.0,0.0,63774.0,0.0,0.0,956.0,202.0,0.0,0.0,5.0,0.0,64730.0,0.0,0.0,351.0,11.0,8.0,1.0,80.0,0.0,474436964.0,341628.0,0.0,0.0,341531.0,87.0,10.0,0.0,780.0,11.0,0.0,9.0,2.0,80.0,0.0,-71.4,31.0,44.0,-1234
14,6012877.0,64730.0,0.0,63774.0,0.0,0.0,956.0,202.0,0.0,0.0,5.0,0.0,64730.0,0.0,0.0,351.0,11.0,8.0,1.0,80.0,0.0,474436964.0,341628.0,0.0,0.0,341531.0,87.0,10.0,0.0,780.0,11.0,0.0,0.0,0.0,20.0,0.0,-70.9,31.0,44.0,-1234
15,6012877.0,64730.0,0.0,63774.0,0.0,0.0,956.0,202.0,0.0,0.0,5.0,0.0,64730.0,0.0,0.0,351.0,11.0,8.0,1.0,80.0,0.0,474436964.0,341628.0,0.0,0.0,341531.0,87.0,10.0,0.0,780.0,11.0,0.0,0.0,0.0,20.0,0.0,-70.9,31.0,44.0,-1234
16,6012877.0,64730.0,0.0,63774.0,0.0,0.0,956.0,202.0,0.0,0.0,5.0,0.0,64730.0,0.0,0.0,351.0,11.0,8.0,1.0,80.0,0.0,474436964.0,341628.0,0.0,0.0,341531.0,87.0,10.0,0.0,780.0,11.0,0.0,0.0,0.0,20.0,0.0,-70.9,31.0,44.0,-1234
17,6012877.0,64730.0,0.0,63774.0,0.0,0.0,956.0,202.0,0.0,0.0,5.0,0.0,64730.0,0.0,0.0,351.0,11.0,8.0,1.0,80.0,0.0,474436964.0,341628.0,0.0,0.0,341531.0,87.0,10.0,0.0,780.0,11.0,0.0,0.0,0.0,20.0,0.0,-70.9,31.0,44.0,-1234
18,6012877.0,64730.0,0.0,63774.0,0.0,0.0,956.0,202.0,0.0,0.0,5.0,0.0,64730.0,0.0,0.0,351.0,11.0,8.0,1.0,80.0,0.0,474436964.0,341628.0,0.0,0.0,341531.0,87.0,10.0,0.0,780.0,11.0,0.0,0.0,0.0,20.0,0.0,-70.9,31.0,44.0,-1234
19,6013008.0,64731.0,0.0,63774.0,0.0,0.0,957.0,202.0,0.0,0.0,5.0,0.0,64731.0,0.0,0.0,293.0,11.0,7.0,1.0,80.0,0.0,474437043.0,341629.0,0.0,0.0,341532.0,87.0,10.0,0.0,780.0,11.0,0.0,9.0,2.0,80.0,0.0,-73.4,31.0,44.0,-1234
20,6013008.0,64731.0,0.0,63774.0,0.0,0.0,957.0,202.0,0.0,0.0,5.0,0.0,64731.0,0.0,0.0,293.0,11.0,7.0,1.0,80.0,0.0,474437043.0,341629.0,0.0,0.0,341532.0,87.0,10.0,0.0,780.0,11.0,0.0,0.0,0.0,20.0,0.0,-73.5,31.0,44.0,-1234
21,6013008.0,64731.0,0.0,63774.0,0.0,0.0,957.0,202.0,0.0,0.0,5.0,0.0,64731.0,0.0,0.0,293.0,11.0,7.0,1.0,80.0,0.0,474437043.0,341629.0,0.0,0.0,341532.0,87.0,10.0,0.0,780.0,11.0,0.0,0.0,0.0,20.0,0.0,-73.5,31.0,44.0,-1234
22,6013008.0,64731.0,0.0,63774.0,0.0,0.0,957.0,202.0,0.0,0.0,5.0,0.0,64731.0,0.0,0.0,293.0,11.0,7.0,1.0,80.0,0.0,474437043.0,341629.0,0.0,0.0,341532.0,87.0,10.0,0.0,780.0,11.0,0.0,0.0,0.0,20.0,0.0,-73.5,31.0,44.0,-1234
23,6013008.0,64731.0,0.0,63774.0,0.0,0.0,957.0,202.0,0.0,0.0,5.0,0.0,64731.0,0.0,0.0,293.0,11.0,7.0,1.0,80.0,0.0,474437043.0,341629.0,0.0,0.0,341532.0,87.0,10.0,0.0,780.0,11.0,0.0,0.0,0.0,20.0,0.0,-73.5,31.0,44.0,-1234
24,6013008.0,64731.0,0.0,63774.0,0.0,0.0,957.0,202.0,0.0,0.0,5.0,0.0,64731.0,0.0,0.0,293.0,11.0,7.0,1.0,80.0,0.0,474437043.0,341629.0,0.0,0.0,341532.0,87.0,10.0,0.0,780.0,11.0,0.0,0.0,0.0,20.0,0.0,-73.5,31.0,44.0,-1234
25,6013008.0,64731.0,0.0,63774.0,0.0,0.0,957.0,202.0,0.0,0.0,5.0,0.0,64731.0,0.0,0.0,293.0,11.0,7.0,1.0,80.0,0.0,474437043.0,341629.0,0.0,0.0,341532.0,87.0,10.0,0.0,780.0,11.0,0.0,0.0,0.0,20.0,0.0,-73.5,31.0,44.0,-1234
26,6013008.0,64731.0,0.0,63774.0,0.0,0.0,957.0,202.0,0.0,0.0,5.0,0.0,64731.0,0.0,0.0,293.0,11.0,7.0,1.0,80.0,0.0,474437043.0,341629.0,0.0,0.0,341532.0,87.0,10.0,0.0,780.0,11.0,0.0,0.0,0.0,20.0,0.0,-73.5,31.0,44.0,-1234
27,6013008.0,64731.0,0.0,63774.0,0.0,0.0,957.0,202.0,0.0,0.0,5.0,0.0,64731.0,0.0,0.0,293.0,11.0,7.0,1.0,80.0,0.0,474437043.0,341629.0,0.0,0.0,341532.0,87.0,10.0,0.0,780.0,11.0,0.0,0.0,0.0,20.0,0.0,-73.5,31.0,44.0,-1234
28,6013008.0,64731.0,0.0,63774.0,0.0,0.0,957.0,202.0,0.0,0.0,5.0,0.0,64731.0,0.0,0.0,293.0,11.0,7.0,1.0,80.0,0.0,474437043.0,341629.0,0.0,0.0,341532.0,87.0,10.0,0.0,780.0,11.0,0.0,0.0,0.0,20.0,0.0,-72.0,31.0,44.0,-1234
29,6013008.0,64731.0,0.0,63774.0,0.0,0.0,957.0,202.0,0.0,0.0,5.0,0.0,64731.0,0.0,0.0,293.0,11.0,7.0,1.0,80.0,0.0,474437043.0,341629.0,0.0,0.0,341532.0,87.0,10.0,0.0,780.0,11.0,0.0,0.0,0.0,20.0,0.0,-72.0,31.0,44.0,-1234
30,6013008.0,64731.0,0.0,63774.0,0.0,0.0,957.0,202.0,0.0,0.0,5.0,0.0,64731.0,0.0,0.0,293.0,11.0,7.0,1.0,80.0,0.0,474437043.0,341629.0,0.0,0.0,341532.0,87.0,10.0,0.0,780.0,11.0,0.0,0.0,0.0,20.0,0.0,-72.0,31.0,44.0,-1234
31,6013008.0,64731.0,0.0,63774.0,0.0,0.0,957.0,202.0,0.0,0.0,5.0,0.0,64731.0,0.0,0.0,293.0,11.0,7.0,1.0,80.0,0.0,474437043.0,341629.0,0.0,0.0,341532.0,87.0,10.0,0.0,780.0,11.0,0.0,0.0,0.0,20.0,0.0,-72.0,31.0,44.0,-1234
32,6013008.0,64731.0,0.0,63774.0,0.0,0.0,957.0,202.0,0.0,0.0,5.0,0.0,64731.0,0.0,0.0,293.0,11.0,7.0,1.0,80.0,0.0,474437043.0,341629.0,0.0,0.0,341532.0,87.0,10.0,0.0,780.0,11.0,0.0,0.0,0.0,20.0,0.0,-72.0,31.0,44.0,-1234
33,6013008.0,64731.0,0.0,63774.0,0.0,0.0,957.0,202.0,0.0,0.0,5.0,0.0,64731.0,0.0,0.0,293.0,11.0,7.0,1.0,80.0,0.0,474437043.0,341629.0,0.0,0.0,341532.0,87.0,10.0,0.0,780.0,11.0,0.0,0.0,0.0,20.0,0.0,-72.0,31.0,44.0,-1234
34,6013139.0,64732.0,0.0,63774.0,0.0,0.0,958.0,202.0,0.0,0.0,5.0,0.0,64732.0,0.0,0.0,293.0,11.0,7.0,1.0,80.0,0.0,474437164.0,341631.0,0.0,0.0,341534.0,87.0,10.0,0.0,780.0,11.0,0.0,9.0,2.0,80.0,0.0,-71.3,31.0,44.0,-1234
35,6013139.0,64732.0,0.0,63774.0,0.0,0.0,958.0,202.0,0.0,0.0,5.0,0.0,64732.0,0.0,0.0,293.0,11.0,7.0,1.0,80.0,0.0,474437164.0,341631.0,0.0,0.0,341534.0,87.0,10.0,0.0,780.0,11.0,0.0,0.0,0.0,20.0,0.0,-70.6,30.0,44.0,-1234
36,6013139.0,64732.0,0.0,63774.0,0.0,0.0,958.0,202.0,0.0,0.0,5.0,0.0,64732.0,0.0,0.0,293.0,11.0,7.0,1.0,80.0,0.0,474437164.0,341631.0,0.0,0.0,341534.0,87.0,10.0,0.0,780.0,11.0,0.0,0.0,0.0,20.0,0.0,-70.6,30.0,44.0,-1234
37,6013139.0,64732.0,0.0,63774.0,0.0,0.0,958.0,202.0,0.0,0.0,5.0,0.0,64732.0,0.0,0.0,293.0,11.0,7.0,1.0,80.0,0.0,474437164.0,341631.0,0.0,0.0,341534.0,87.0,10.0,0.0,780.0,11.0,0.0,0.0,0.0,20.0,0.0,-70.6,30.0,44.0,-1234
38,6013139.0,64732.0,0.0,63774.0,0.0,0.0,958.0,202.0,0.0,0.0,5.0,0.0,64732.0,0.0,0.0,293.0,11.0,7.0,1.0,80.0,0.0,474437164.0,341631.0,0.0,0.0,341534.0,87.0,10.0,0.0,780.0,11.0,0.0,0.0,0.0,20.0,0.0,-70.6,30.0,44.0,-1234
39,6013139.0,64732.0,0.0,63774.0,0.0,0.0,958.0,202.0,0.0,0.0,5.0,0.0,64732.0,0.0,0.0,293.0,11.0,7.0,1.0,80.0,0.0,474437210.0,341632.0,0.0,0.0,341534.0,88.0,10.0,0.0,780.0,11.0,0.0,9.0,2.0,80.0,0.0,-71.4,31.0,44.0,-1234
40,6013139.0,64732.0,0.0,63774.0,0.0,0.0,958.0,202.0,0.0,0.0,5.0,0.0,64732.0,0.0,0.0,293.0,11.0,7.0,1.0,80.0,0.0,474437210.0,341632.0,0.0,0.0,341534.0,88.0,10.0,0.0,780.0,11.0,0.0,9.0,2.0,80.0,0.0,-71.4,31.0,44.0,-1234
41,6013139.0,64732.0,0.0,63774.0,0.0,0.0,958.0,202.0,0.0,0.0,5.0,0.0,64732.0,0.0,0.0,293.0,11.0,7.0,1.0,80.0,0.0,474437210.0,341632.0,0.0,0.0,341534.0,88.0,10.0,0.0,780.0,11.0,0.0,9.0,2.0,80.0,0.0,-71.4,31.0,44.0,-1234
42,6013139.0,64732.0,0.0,63774.0,0.0,0.0,958.0,202.0,0.0,0.0,5.0,0.0,64732.0,0.0,0.0,293.0,11.0,7.0,1.0,80.0,0.0,474437210.0,341632.0,0.0,0.0,341534.0,88.0,10.0,0.0,780.0,11.0,0.0,9.0,2.0,80.0,0.0,-71.4,31.0,44.0,-1234
43,6013139.0,64732.0,0.0,63774.0,0.0,0.0,958.0,202.0,0.0,0.0,5.0,0.0,64732.0,0.0,0.0,293.0,11.0,7.0,1.0,80.0,0.0,474437210.0,341632.0,0.0,0.0,341534.0,88.0,10.0,0.0,780.0,11.0,0.0,9.0,2.0,80.0,0.0,-71.4,31.0,44.0,-1234
44,6013139.0,64732.0,0.0,63774.0,0.0,0.0,958.0,202.0,0.0,0.0,5.0,0.0,64732.0,0.0,0.0,293.0,11.0,7.0,1.0,80.0,0.0,474437210.0,341632.0,0.0,0.0,341534.0,88.0,10.0,0.0,780.0,11.0,0.0,9.0,2.0,80.0,0.0,-71.4,31.0,44.0,-1234
45,6013139.0,64732.0,0.0,63774.0,0.0,0.0,958.0,202.0,0.0,0.0,5.0,0.0,64732.0,0.0,0.0,293.0,11.0,7.0,1.0,80.0,0.0,474437210.0,341632.0,0.0,0.0,341534.0,88.0,10.0,0.0,780.0,11.0,0.0,9.0,2.0,80.0,0.0,-71.4,31.0,44.0,-1234
46,6013139.0,64732.0,0.0,63774.0,0.0,0.0,958.0,202.0,0.0,0.0,5.0,0.0,64732.0,0.0,0.0,293.0,11.0,7.0,1.0,80.0,0.0,474437210.0,341632.0,0.0,0.0,341534.0,88.0,10.0,0.0,780.0,11.0,0.0,9.0,2.0,80.0,0.0,-71.4,31.0,44.0,-1234
47,6013139.0,64732.0,0.0,63774.0,0.0,0.0,958.0,202.0,0.0,0.0,5.0,0.0,64732.0,0.0,0.0,293.0,11.0,7.0,1.0,80.0,0.0,474437210.0,341632.0,0.0,0.0,341534.0,88.0,10.0,0.0,780.0,11.0,0.0,9.0,2.0,80.0,0.0,-71.4,31.0,44.0,-1234
48,6013139.0,64732.0,0.0,63774.0,0.0,0.0,958.0,202.0,0.0,0.0,5.0,0.0,64732.0,0.0,0.0,293.0,11.0,7.0,1.0,80.0,0.0,474437210.0,341632.0,0.0,0.0,341534.0,88.0,10.0,0.0,780.0,11.0,0.0,9.0,2.0,80.0,0.0,-71.4,31.0,44.0,-1234
49,6013139.0,64732.0,0.0,63774.0,0.0,0.0,958.0,202.0,0.0,0.0,5.0,0.0,64732.0,0.0,0.0,293.0,11.0,7.0,1.0,80.0,0.0,474437210.0,341632.0,0.0,0.0,341534.0,88.0,10.0,0.0,780.0,11.0,0.0,9.0,2.0,80.0,0.0,-71.4,31.0,44.0,-1234
50,6013139.0,64732.0,0.0,63774.0,0.0,0.0,958.0,202.0,0.0,0.0,5.0,0.0,64732.0,0.0,0.0,293.0,11.0,7.0,1.0,80.0,0.0,474437210.0,341632.0,0.0,0.0,341534.0,88.0,10.0,0.0,780.0,11.0,0.0,9.0,2.0,80.0,0.0,-71.4,31.0,44.0,-1234
51,6013139.0,64732.0,0.0,63774.0,0.0,0.0,958.0,202.0,0.0,0.0,5.0,0.0,64732.0,0.0,0.0,293.0,11.0,7.0,1.0,80.0,0.0,474437210.0,341632.0,0.0,0.0,341534.0,88.0,10.0,0.0,780.0,11.0,0.0,9.0,2.0,80.0,0.0,-71.4,31.0,44.0,-1234
52,6013139.0,64732.0,0.0,63774.0,0.0,0.0,958.0,202.0,0.0,0.0,5.0,0.0,64732.0,0.0,0.0,293.0,11.0,7.0,1.0,80.0,0.0,474437210.0,341632.0,0.0,0.0,341534.0,88.0,10.0,0.0,780.0,11.0,0.0,9.0,2.0,80.0,0.0,-71.4,31.0,44.0,-1234
53,6013139.0,64732.0,0.0,63774.0,0.0,0.0,958.0,202.0,0.0,0.0,5.0,0.0,64732.0,0.0,0.0,293.0,11.0,7.0,1.0,80.0,0.0,474437210.0,341632.0,0.0,0.0,341534.0,88.0,10.0,0.0,780.0,11.0,0.0,9.0,2.0,80.0,0.0,-71.4,31.0,44.0,-1234
54,6013139.0,64732.0,0.0,63774.0,0.0,0.0,958.0,202.0,0.0,0.0,5.0,0.0,64732.0,0.0,0.0,293.0,11.0,7.0,1.0,80.0,0.0,474437210.0,341632.0,0.0,0.0,341534.0,88.0,10.0,0.0,780.0,11.0,0.0,9.0,2.0,80.0,0.0,-71.4,31.0,44.0,-1234
55,6013139.0,64732.0,0.0,63774.0,0.0,0.0,958.0,202.0,0.0,0.0,5.0,0.0,64732.0,0.0,0.0,293.0,11.0,7.0,1.0,80.0,0.0,474437252.0,341633.0,0.0,0.0,341535.0,88.0,10.0,0.0,780.0,11.0,0.0,9.0,2.0,80.0,0.0,-75.1,31.0,44.0,-1234
56,6013139.0,64732.0,0.0,63774.0,0.0,0.0,958.0,202.0,0.0,0.0,5.0,0.0,64732.0,0.0,0.0,293.0,11.0,7.0,1.0,80.0,0.0,474437252.0,341633.0,0.0,0.0,341535.0,88.0,10.0,0.0,780.0,11.0,0.0,9.0,2.0,80.0,0.0,-75.1,31.0,44.0,-1234
57,6013139.0,64732.0,0.0,63774.0,0.0,0.0,958.0,202.0,0.0,0.0,5.0,0.0,64732.0,0.0,0.0,293.0,11.0,7.0,1.0,80.0,0.0,474437252.0,341633.0,0.0,0.0,341535.0,88.0,10.0,0.0,780.0,11.0,0.0,9.0,2.0,80.0,0.0,-75.1,31.0,44.0,-1234
58,6013139.0,64732.0,0.0,63774.0,0.0,0.0,958.0,202.0,0.0,0.0,5.0,0.0,64732.0,0.0,0.0,293.0,11.0,7.0,1.0,80.0,0.0,474437252.0,341633.0,0.0,0.0,341535.0,88.0,10.0,0.0,780.0,11.0,0.0,9.0,2.0,80.0,0.0,-75.1,31.0,44.0,-1234
59,6013139.0,64732.0,0.0,63774.0,0.0,0.0,958.0,202.0,0.0,0.0,5.0,0.0,64732.0,0.0,0.0,293.0,11.0,7.0,1.0,80.0,0.0,474437252.0,341633.0,0.0,0.0,341535.0,88.0,10.0,0.0,780.0,11.0,0.0,9.0,2.0,80.0,0.0,-75.1,31.0,44.0,-1234
60,6013139.0,64732.0,0.0,63774.0,0.0,0.0,958.0,202.0,0.0,0.0,5.0,0.0,64732.0,0.0,0.0,293.0,11.0,7.0,1.0,80.0,0.0,474437252.0,341633.0,0.0,0.0,341535.0,88.0,10.0,0.0,780.0,11.0,0.0,9.0,2.0,80.0,0.0,-75.1,31.0,44.0,-1234
61,6013139.0,64732.0,0.0,63774.0,0.0,0.0,958.0,202.0,0.0,0.0,5.0,0.0,64732.0,0.0,0.0,293.0,11.0,7.0,1.0,80.0,0.0,474437252.0,341633.0,0.0,0.0,341535.0,88.0,10.0,0.0,780.0,11.0,0.0,9.0,2.0,80.0,0.0,-75.1,31.0,44.0,-1234
62,6013139.0,64732.0,0.0,63774.0,0.0,0.0,958.0,202.0,0.0,0.0,5.0,0.0,64732.0,0.0,0.0,293.0,11.0,7.0,1.0,80.0,0.0,474437252.0,341633.0,0.0,0.0,341535.0,88.0,10.0,0.0,780.0,11.0,0.0,9.0,2.0,80.0,0.0,-75.1,31.0,44.0,-1234
63,6013270.0,64733.0,0.0,63774.0,0.0,0.0,959.0,202.0,0.0,0.0,5.0,0.0,64733.0,0.0,0.0,293.0,11.0,7.0,1.0,80.0,0.0,474437331.0,341634.0,0.0,0.0,341536.0,88.0,10.0,0.0,780.0,11.0,0.0,9.0,2.0,80.0,0.0,-73.5,31.0,44.0,-1234
64,6013270.0,64733.0,0.0,63774.0,0.0,0.0,959.0,202.0,0.0,0.0,5.0,0.0,64733.0,0.0,0.0,293.0,11.0,7.0,1.0,80.0,0.0,474437331.0,341634.0,0.0,0.0,341536.0,88.0,10.0,0.0,780.0,11.0,0.0,0.0,0.0,20.0,0.0,-70.0,28.0,44.0,-1234
65,6013270.0,64733.0,0.0,63774.0,0.0,0.0,959.0,202.0,0.0,0.0,5.0,0.0,64733.0,0.0,0.0,293.0,11.0,7.0,1.0,80.0,0.0,474437331.0,341634.0,0.0,0.0,341536.0,88.0,10.0,0.0,780.0,11.0,0.0,0.0,0.0,20.0,0.0,-70.0,28.0,44.0,-1234
66,6013270.0,64733.0,0.0,63774.0,0.0,0.0,959.0,202.0,0.0,0.0,5.0,0.0,64733.0,0.0,0.0,293.0,11.0,7.0,1.0,80.0,0.0,474437331.0,341634.0,0.0,0.0,341536.0,88.0,10.0,0.0,780.0,11.0,0.0,0.0,0.0,20.0,0.0,-70.0,28.0,44.0,-1234
67,6013270.0,64733.0,0.0,63774.0,0.0,0.0,959.0,202.0,0.0,0.0,5.0,0.0,64733.0,0.0,0.0,293.0,11.0,7.0,1.0,80.0,0.0,474437331.0,341634.0,0.0,0.0,341536.0,88.0,10.0,0.0,780.0,11.0,0.0,0.0,0.0,20.0,0.0,-70.0,28.0,44.0,-1234
68,6013270.0,64733.0,0.0,63774.0,0.0,0.0,959.0,202.0,0.0,0.0,5.0,0.0,64733.0,0.0,0.0,293.0,11.0,7.0,1.0,80.0,0.0,474437331.0,341634.0,0.0,0.0,341536.0,88.0,10.0,0.0,780.0,11.0,0.0,0.0,0.0,20.0,0.0,-70.0,28.0,44.0,-1234
69,6013270.0,64733.0,0.0,63774.0,0.0,0.0,959.0,202.0,0.0,0.0,5.0,0.0,64733.0,0.0,0.0,293.0,11.0,7.0,1.0,80.0,0.0,474437331.0,341634.0,0.0,0.0,341536.0,88.0,10.0,0.0,780.0,11.0,0.0,0.0,0.0,20.0,0.0,-70.0,28.0,44.0,-1234
70,6013270.0,64733.0,0.0,63774.0,0.0,0.0,959.0,202.0,0.0,0.0,5.0,0.0,64733.0,0.0,0.0,293.0,11.0,7.0,1.0,80.0,0.0,474437331.0,341634.0,0.0,0.0,341536.0,88.0,10.0,0.0,780.0,11.0,0.0,0.0,0.0,20.0,0.0,-70.0,28.0,44.0,-1234
71,6013270.0,64733.0,0.0,63774.0,0.0,0.0,959.0,202.0,0.0,0.0,5.0,0.0,64733.0,0.0,0.0,293.0,11.0,7.0,1.0,80.0,0.0,474437331.0,341634.0,0.0,0.0,341536.0,88.0,10.0,0.0,780.0,11.0,0.0,0.0,0.0,20.0,0.0,-70.0,28.0,44.0,-1234
72,6013270.0,64733.0,0.0,63774.0,0.0,0.0,959.0,202.0,0.0,0.0,5.0,0.0,64733.0,0.0,0.0,293.0,11.0,7.0,1.0,80.0,0.0,474437331.0,341634.0,0.0,0.0,341536.0,88.0,10.0,0.0,780.0,11.0,0.0,0.0,0.0,20.0,0.0,-70.0,28.0,44.0,-1234
73,6013270.0,64733.0,0.0,63774.0,0.0,0.0,959.0,202.0,0.0,0.0,5.0,0.0,64733.0,0.0,0.0,293.0,11.0,7.0,1.0,80.0,0.0,474437331.0,341634.0,0.0,0.0,341536.0,88.0,10.0,0.0,780.0,11.0,0.0,0.0,0.0,20.0,0.0,-70.0,28.0,44.0,-1234
74,6013270.0,64733.0,0.0,63774.0,0.0,0.0,959.0,202.0,0.0,0.0,5.0,0.0,64733.0,0.0,0.0,293.0,11.0,7.0,1.0,80.0,0.0,474437331.0,341634.0,0.0,0.0,341536.0,88.0,10.0,0.0,780.0,11.0,0.0,0.0,0.0,20.0,0.0,-70.0,28.0,44.0,-1234
75,6013270.0,64733.0,0.0,63774.0,0.0,0.0,959.0,202.0,0.0,0.0,5.0,0.0,64733.0,0.0,0.0,293.0,11.0,7.0,1.0,80.0,0.0,474437373.0,341635.0,0.0,0.0,341537.0,88.0,10.0,0.0,780.0,11.0,0.0,9.0,2.0,80.0,0.0,-70.1,28.0,44.0,-1234
76,6013270.0,64733.0,0.0,63774.0,0.0,0.0,959.0,202.0,0.0,0.0,5.0,0.0,64733.0,0.0,0.0,293.0,11.0,7.0,1.0,80.0,0.0,474437373.0,341635.0,0.0,0.0,341537.0,88.0,10.0,0.0,780.0,11.0,0.0,9.0,2.0,80.0,0.0,-70.1,28.0,44.0,-1234
77,6013270.0,64733.0,0.0,63774.0,0.0,0.0,959.0,202.0,0.0,0.0,5.0,0.0,64733.0,0.0,0.0,293.0,11.0,7.0,1.0,80.0,0.0,474437373.0,341635.0,0.0,0.0,341537.0,88.0,10.0,0.0,780.0,11.0,0.0,9.0,2.0,80.0,0.0,-70.1,28.0,44.0,-1234
78,6013270.0,64733.0,0.0,63774.0,0.0,0.0,959.0,202.0,0.0,0.0,5.0,0.0,64733.0,0.0,0.0,293.0,11.0,7.0,1.0,80.0,0.0,474437373.0,341635.0,0.0,0.0,341537.0,88.0,10.0,0.0,780.0,11.0,0.0,9.0,2.0,80.0,0.0,-70.1,28.0,44.0,-1234
79,6013270.0,64733.0,0.0,63774.0,0.0,0.0,959.0,202.0,0.0,0.0,5.0,0.0,64733.0,0.0,0.0,293.0,11.0,7.0,1.0,80.0,0.0,474437373.0,341635.0,0.0,0.0,341537.0,88.0,10.0,0.0,780.0,11.0,0.0,9.0,2.0,80.0,0.0,-70.1,28.0,44.0,-1234
80,6013270.0,64733.0,0.0,63774.0,0.0,0.0,959.0,202.0,0.0,0.0,5.0,0.0,64733.0,0.0,0.0,293.0,11.0,7.0,1.0,80.0,0.0,474437373.0,341635.0,0.0,0.0,341537.0,88.0,10.0,0.0,780.0,11.0,0.0,9.0,2.0,80.0,0.0,-70.1,28.0,44.0,-1234
81,6013270.0,64733.0,0.0,63774.0,0.0,0.0,959.0,202.0,0.0,0.0,5.0,0.0,64733.0,0.0,0.0,293.0,11.0,7.0,1.0,80.0,0.0,474437373.0,341635.0,0.0,0.0,341537.0,88.0,10.0,0.0,780.0,11.0,0.0,9.0,2.0,80.0,0.0,-70.1,28.0,44.0,-1234
82,6013270.0,64733.0,0.0,63774.0,0.0,0.0,959.0,202.0,0.0,0.0,5.0,0.0,64733.0,0.0,0.0,293.0,11.0,7.0,1.0,80.0,0.0,474437373.0,341635.0,0.0,0.0,341537.0,88.0,10.0,0.0,780.0,11.0,0.0,9.0,2.0,80.0,0.0,-70.1,28.0,44.0,-1234
83,6013270.0,64733.0,0.0,63774.0,0.0,0.0,959.0,202.0,0.0,0.0,5.0,0.0,64733.0,0.0,0.0,293.0,11.0,7.0,1.0,80.0,0.0,474437373.0,341635.0,0.0,0.0,341537.0,88.0,10.0,0.0,780.0,11.0,0.0,9.0,2.0,80.0,0.0,-70.1,28.0,44.0,-1234
84,6013270.0,64733.0,0.0,63774.0,0.0,0.0,959.0,202.0,0.0,0.0,5.0,0.0,64733.0,0.0,0.0,293.0,11.0,7.0,1.0,80.0,0.0,474437373.0,341635.0,0.0,0.0,341537.0,88.0,10.0,0.0,780.0,11.0,0.0,0.0,0.0,20.0,0.0,-67.0,28.0,44.0,-1234
85,6013270.0,64733.0,0.0,63774.0,0.0,0.0,959.0,202.0,0.0,0.0,5.0,0.0,64733.0,0.0,0.0,293.0,11.0,7.0,1.0,80.0,0.0,474437373.0,341635.0,0.0,0.0,341537.0,88.0,10.0,0.0,780.0,11.0,0.0,0.0,0.0,20.0,0.0,-67.0,28.0,44.0,-1234
86,6013270.0,64733.0,0.0,63774.0,0.0,0.0,959.0,202.0,0.0,0.0,5.0,0.0,64733.0,0.0,0.0,293.0,11.0,7.0,1.0,80.0,0.0,474437373.0,341635.0,0.0,0.0,341537.0,88.0,10.0,0.0,780.0,11.0,0.0,0.0,0.0,20.0,0.0,-67.0,28.0,44.0,-1234
87,6013270.0,64733.0,0.0,63774.0,0.0,0.0,959.0,202.0,0.0,0.0,5.0,0.0,64733.0,0.0,0.0,293.0,11.0,7.0,1.0,80.0,0.0,474437373.0,341635.0,0.0,0.0,341537.0,88.0,10.0,0.0,780.0,11.0,0.0,0.0,0.0,20.0,0.0,-67.0,28.0,44.0,-1234
88,6013270.0,64733.0,0.0,63774.0,0.0,0.0,959.0,202.0,0.0,0.0,5.0,0.0,64733.0,0.0,0.0,293.0,11.0,7.0,1.0,80.0,0.0,474437373.0,341635.0,0.0,0.0,341537.0,88.0,10.0,0.0,780.0,11.0,0.0,0.0,0.0,20.0,0.0,-67.0,28.0,44.0,-1234
89,6013270.0,64733.0,0.0,63774.0,0.0,0.0,959.0,202.0,0.0,0.0,5.0,0.0,64733.0,0.0,0.0,293.0,11.0,7.0,1.0,80.0,0.0,474437373.0,341635.0,0.0,0.0,341537.0,88.0,10.0,0.0,780.0,11.0,0.0,0.0,0.0,20.0,0.0,-67.0,28.0,44.0,-1234
90,6013270.0,64733.0,0.0,63774.0,0.0,0.0,959.0,202.0,0.0,0.0,5.0,0.0,64733.0,0.0,0.0,293.0,11.0,7.0,1.0,80.0,0.0,474437373.0,341635.0,0.0,0.0,341537.0,88.0,10.0,0.0,780.0,11.0,0.0,0.0,0.0,20.0,0.0,-67.0,28.0,44.0,-1234
91,6013270.0,64733.0,0.0,63774.0,0.0,0.0,959.0,202.0,0.0,0.0,5.0,0.0,64733.0,0.0,0.0,293.0,11.0,7.0,1.0,80.0,0.0,474437373.0,341635.0,0.0,0.0,341537.0,88.0,10.0,0.0,780.0,11.0,0.0,0.0,0.0,20.0,0.0,-67.0,28.0,44.0,-1234
92,6013270.0,64733.0,0.0,63774.0,0.0,0.0,959.0,202.0,0.0,0.0,5.0,0.0,64733.0,0.0,0.0,293.0,11.0,7.0,1.0,80.0,0.0,474437415.0,341636.0,0.0,0.0,341538.0,88.0,10.0,0.0,780.0,11.0,0.0,9.0,2.0,80.0,0.0,-70.2,28.0,45.0,-1234
93,6013270.0,64733.0,0.0,63774.0,0.0,0.0,959.0,202.0,0.0,0.0,5.0,0.0,64733.0,0.0,0.0,293.0,11.0,7.0,1.0,80.0,0.0,474437415.0,341636.0,0.0,0.0,341538.0,88.0,10.0,0.0,780.0,11.0,0.0,9.0,2.0,80.0,0.0,-70.2,28.0,45.0,-1234
94,6013270.0,64733.0,0.0,63774.0,0.0,0.0,959.0,202.0,0.0,0.0,5.0,0.0,64733.0,0.0,0.0,293.0,11.0,7.0,1.0,80.0,0.0,474437415.0,341636.0,0.0,0.0,341538.0,88.0,10.0,0.0,780.0,11.0,0.0,9.0,2.0,80.0,0.0,-70.2,28.0,45.0,-1234
95,6013270.0,64733.0,0.0,63774.0,0.0,0.0,959.0,202.0,0.0,0.0,5.0,0.0,64733.0,0.0,0.0,293.0,11.0,7.0,1.0,80.0,0.0,474437415.0,341636.0,0.0,0.0,341538.0,88.0,10.0,0.0,780.0,11.0,0.0,9.0,2.0,80.0,0.0,-70.2,28.0,45.0,-1234
96,6013270.0,64733.0,0.0,63774.0,0.0,0.0,959.0,202.0,0.0,0.0,5.0,0.0,64733.0,0.0,0.0,293.0,11.0,7.0,1.0,80.0,0.0,474437461.0,341637.0,0.0,0.0,341538.0,89.0,10.0,0.0,780.0,11.0,0.0,9.0,2.0,80.0,0.0,-63.9,28.0,45.0,-1234
97,6013270.0,64733.0,0.0,63774.0,0.0,0.0,959.0,202.0,0.0,0.0,5.0,0.0,64733.0,0.0,0.0,293.0,11.0,7.0,1.0,80.0,0.0,474437461.0,341637.0,0.0,0.0,341538.0,89.0,10.0,0.0,780.0,11.0,0.0,9.0,2.0,80.0,0.0,-63.9,28.0,45.0,-1234
98,6013270.0,64733.0,0.0,63774.0,0.0,0.0,959.0,202.0,0.0,0.0,5.0,0.0,64733.0,0.0,0.0,293.0,11.0,7.0,1.0,80.0,0.0,474437461.0,341637.0,0.0,0.0,341538.0,89.0,10.0,0.0,780.0,11.0,0.0,9.0,2.0,80.0,0.0,-63.9,28.0,45.0,-1234
99,6013270.0,64733.0,0.0,63774.0,0.0,0.0,959.0,202.0,0.0,0.0,5.0,0.0,64733.0,0.0,0.0,293.0,11.0,7.0,1.0,80.0,0.0,474437461.0,341637.0,0.0,0.0,341538.0,89.0,10.0,0.0,780.0,11.0,0.0,9.0,2.0,80.0,0.0,-63.9,28.0,45.0,-1234
100,6013270.0,64733.0,0.0,63774.0,0.0,0.0,959.0,202.0,0.0,0.0,5.0,0.0,64733.0,0.0,0.0,293.0,11.0,7.0,1.0,80.0,0.0,474437461.0,341637.0,0.0,0.0,341538.0,89.0,10.0,0.0,780.0,11.0,0.0,9.0,2.0,80.0,0.0,-63.9,28.0,45.0,-1234
101,6013270.0,64733.0,0.0,63774.0,0.0,0.0,959.0,202.0,0.0,0.0,5.0,0.0,64733.0,0.0,0.0,293.0,11.0,7.0,1.0,80.0,0.0,474437461.0,341637.0,0.0,0.0,341538.0,89.0,10.0,0.0,780.0,11.0,0.0,9.0,2.0,80.0,0.0,-63.9,28.0,45.0,-1234
102,6013270.0,64733.0,0.0,63774.0,0.0,0.0,959.0,202.0,0.0,0.0,5.0,0.0,64733.0,0.0,0.0,293.0,11.0,7.0,1.0,80.0,0.0,474437461.0,341637.0,0.0,0.0,341538.0,89.0,10.0,0.0,780.0,11.0,0.0,9.0,2.0,80.0,0.0,-63.9,28.0,45.0,-1234
103,6013270.0,64733.0,0.0,63774.0,0.0,0.0,959.0,202.0,0.0,0.0,5.0,0.0,64733.0,0.0,0.0,293.0,11.0,7.0,1.0,80.0,0.0,474437461.0,341637.0,0.0,0.0,341538.0,89.0,10.0,0.0,780.0,11.0,0.0,9.0,2.0,80.0,0.0,-63.9,28.0,45.0,-1234
104,6013270.0,64733.0,0.0,63774.0,0.0,0.0,959.0,202.0,0.0,0.0,5.0,0.0,64733.0,0.0,0.0,293.0,11.0,7.0,1.0,80.0,0.0,474437461.0,341637.0,0.0,0.0,341538.0,89.0,10.0,0.0,780.0,11.0,0.0,9.0,2.0,80.0,0.0,-63.9,28.0,45.0,-1234
105,6013270.0,64733.0,0.0,63774.0,0.0,0.0,959.0,202.0,0.0,0.0,5.0,0.0,64733.0,0.0,0.0,293.0,11.0,7.0,1.0,80.0,0.0,474437461.0,341637.0,0.0,0.0,341538.0,89.0,10.0,0.0,780.0,11.0,0.0,9.0,2.0,80.0,0.0,-63.9,28.0,45.0,-1234
106,6013270.0,64733.0,0.0,63774.0,0.0,0.0,959.0,202.0,0.0,0.0,5.0,0.0,64733.0,0.0,0.0,293.0,11.0,7.0,1.0,80.0,0.0,474437461.0,341637.0,0.0,0.0,341538.0,89.0,10.0,0.0,780.0,11.0,0.0,9.0,2.0,80.0,0.0,-63.9,28.0,45.0,-1234
107,6013270.0,64733.0,0.0,63774.0,0.0,0.0,959.0,202.0,0.0,0.0,5.0,0.0,64733.0,0.0,0.0,293.0,11.0,7.0,1.0,80.0,0.0,474437461.0,341637.0,0.0,0.0,341538.0,89.0,10.0,0.0,780.0,11.0,0.0,9.0,2.0,80.0,0.0,-63.9,28.0,45.0,-1234
108,6013270.0,64733.0,0.0,63774.0,0.0,0.0,959.0,202.0,0.0,0.0,5.0,0.0,64733.0,0.0,0.0,293.0,11.0,7.0,1.0,80.0,0.0,474437503.0,341638.0,0.0,0.0,341539.0,89.0,10.0,0.0,780.0,11.0,0.0,9.0,2.0,80.0,0.0,-67.1,31.0,45.0,-1234
109,6013270.0,64733.0,0.0,63774.0,0.0,0.0,959.0,202.0,0.0,0.0,5.0,0.0,64733.0,0.0,0.0,293.0,11.0,7.0,1.0,80.0,0.0,474437503.0,341638.0,0.0,0.0,341539.0,89.0,10.0,0.0,780.0,11.0,0.0,0.0,0.0,20.0,0.0,-73.6,31.0,45.0,-1234
110,6013270.0,64733.0,0.0,63774.0,0.0,0.0,959.0,202.0,0.0,0.0,5.0,0.0,64733.0,0.0,0.0,293.0,11.0,7.0,1.0,80.0,0.0,474437503.0,341638.0,0.0,0.0,341539.0,89.0,10.0,0.0,780.0,11.0,0.0,0.0,0.0,20.0,0.0,-73.6,31.0,45.0,-1234
111,6013270.0,64733.0,0.0,63774.0,0.0,0.0,959.0,202.0,0.0,0.0,5.0,0.0,64733.0,0.0,0.0,293.0,11.0,7.0,1.0,80.0,0.0,474437503.0,341638.0,0.0,0.0,341539.0,89.0,10.0,0.0,780.0,11.0,0.0,0.0,0.0,20.0,0.0,-73.6,31.0,45.0,-1234
112,6013270.0,64733.0,0.0,63774.0,0.0,0.0,959.0,202.0,0.0,0.0,5.0,0.0,64733.0,0.0,0.0,293.0,11.0,7.0,1.0,80.0,0.0,474437503.0,341638.0,0.0,0.0,341539.0,89.0,10.0,0.0,780.0,11.0,0.0,0.0,0.0,20.0,0.0,-73.6,31.0,45.0,-1234
113,6013270.0,64733.0,0.0,63774.0,0.0,0.0,959.0,202.0,0.0,0.0,5.0,0.0,64733.0,0.0,0.0,293.0,11.0,7.0,1.0,80.0,0.0,474437503.0,341638.0,0.0,0.0,341539.0,89.0,10.0,0.0,780.0,11.0,0.0,0.0,0.0,20.0,0.0,-73.6,31.0,45.0,-1234
114,6013270.0,64733.0,0.0,63774.0,0.0,0.0,959.0,202.0,0.0,0.0,5.0,0.0,64733.0,0.0,0.0,293.0,11.0,7.0,1.0,80.0,0.0,474437503.0,341638.0,0.0,0.0,341539.0,89.0,10.0,0.0,780.0,11.0,0.0,0.0,0.0,20.0,0.0,-73.6,31.0,45.0,-1234
115,6013270.0,64733.0,0.0,63774.0,0.0,0.0,959.0,202.0,0.0,0.0,5.0,0.0,64733.0,0.0,0.0,293.0,11.0,7.0,1.0,80.0,0.0,474437503.0,341638.0,0.0,0.0,341539.0,89.0,10.0,0.0,780.0,11.0,0.0,0.0,0.0,20.0,0.0,-73.6,31.0,45.0,-1234
116,6013270.0,64733.0,0.0,63774.0,0.0,0.0,959.0,202.0,0.0,0.0,5.0,0.0,64733.0,0.0,0.0,293.0,11.0,7.0,1.0,80.0,0.0,474437503.0,341638.0,0.0,0.0,341539.0,89.0,10.0,0.0,780.0,11.0,0.0,0.0,0.0,20.0,0.0,-73.6,31.0,45.0,-1234
117,6013270.0,64733.0,0.0,63774.0,0.0,0.0,959.0,202.0,0.0,0.0,5.0,0.0,64733.0,0.0,0.0,293.0,11.0,7.0,1.0,80.0,0.0,474437503.0,341638.0,0.0,0.0,341539.0,89.0,10.0,0.0,780.0,11.0,0.0,0.0,0.0,20.0,0.0,-73.6,31.0,45.0,-1234
118,6013270.0,64733.0,0.0,63774.0,0.0,0.0,959.0,202.0,0.0,0.0,5.0,0.0,64733.0,0.0,0.0,293.0,11.0,7.0,1.0,80.0,0.0,474437503.0,341638.0,0.0,0.0,341539.0,89.0,10.0,0.0,780.0,11.0,0.0,0.0,0.0,20.0,0.0,-73.6,31.0,45.0,-1234
119,6013270.0,64733.0,0.0,63774.0,0.0,0.0,959.0,202.0,0.0,0.0,5.0,0.0,64733.0,0.0,0.0,293.0,11.0,7.0,1.0,80.0,0.0,474437503.0,341638.0,0.0,0.0,341539.0,89.0,10.0,0.0,780.0,11.0,0.0,0.0,0.0,20.0,0.0,-73.6,31.0,45.0,-1234
120,6013270.0,64733.0,0.0,63774.0,0.0,0.0,959.0,202.0,0.0,0.0,5.0,0.0,64733.0,0.0,0.0,293.0,11.0,7.0,1.0,80.0,0.0,474437503.0,341638.0,0.0,0.0,341539.0,89.0,10.0,0.0,780.0,11.0,0.0,0.0,0.0,20.0,0.0,-73.6,31.0,45.0,-1234
121,6013270.0,64733.0,0.0,63774.0,0.0,0.0,959.0,202.0,0.0,0.0,5.0,0.0,64733.0,0.0,0.0,293.0,11.0,7.0,1.0,80.0,0.0,474437503.0,341638.0,0.0,0.0,341539.0,89.0,10.0,0.0,780.0,11.0,0.0,0.0,0.0,20.0,0.0,-73.6,31.0,45.0,-1234
122,6013270.0,64733.0,0.0,63774.0,0.0,0.0,959.0,202.0,0.0,0.0,5.0,0.0,64733.0,0.0,0.0,293.0,11.0,7.0,1.0,80.0,0.0,474437503.0,341638.0,0.0,0.0,341539.0,89.0,10.0,0.0,780.0,11.0,0.0,0.0,0.0,20.0,0.0,-73.6,31.0,45.0,-1234
123,6013270.0,64733.0,0.0,63774.0,0.0,0.0,959.0,202.0,0.0,0.0,5.0,0.0,64733.0,0.0,0.0,293.0,11.0,7.0,1.0,80.0,0.0,474437503.0,341638.0,0.0,0.0,341539.0,89.0,10.0,0.0,780.0,11.0,0.0,0.0,0.0,20.0,0.0,-73.6,31.0,45.0,-1234
124,6013270.0,64733.0,0.0,63774.0,0.0,0.0,959.0,202.0,0.0,0.0,5.0,0.0,64733.0,0.0,0.0,293.0,11.0,7.0,1.0,80.0,0.0,474437503.0,341638.0,0.0,0.0,341539.0,89.0,10.0,0.0,780.0,11.0,0.0,0.0,0.0,20.0,0.0,-73.6,31.0,45.0,-1234
125,6029847.0,64915.0,0.0,63955.0,0.0,0.0,960.0,202.0,0.0,0.0,5.0,0.0,64915.0,0.0,0.0,293.0,11.0,7.0,1.0,80.0,0.0,474437582.0,341639.0,0.0,0.0,341540.0,89.0,10.0,0.0,780.0,11.0,0.0,9.0,2.0,80.0,1.0,-73.4,31.0,45.0,-1234
126,6143337.0,66176.0,0.0,65216.0,0.0,0.0,960.0,202.0,0.0,0.0,5.0,0.0,66176.0,0.0,0.0,351.0,11.0,8.0,1.0,80.0,0.0,484459976.0,350506.0,0.0,0.0,350407.0,89.0,10.0,0.0,867.0,11.0,0.0,9.0,2.0,80.0,0.0,-68.7,63.0,45.0,-1234
127,6456093.0,70128.0,0.0,69168.0,0.0,0.0,960.0,202.0,0.0,0.0,5.0,0.0,70128.0,0.0,0.0,468.0,11.0,5.0,2.0,80.0,0.0,502316028.0,366852.0,0.0,0.0,366753.0,89.0,10.0,0.0,867.0,11.0,0.0,9.0,2.0,80.0,1.0,-73.6,24.0,45.0,-1234
128,6585727.0,71793.0,0.0,70833.0,0.0,0.0,960.0,202.0,0.0,0.0,5.0,0.0,71793.0,0.0,0.0,468.0,11.0,5.0,2.0,80.0,0.0,511242932.0,375008.0,0.0,0.0,374909.0,89.0,10.0,0.0,867.0,11.0,0.0,9.0,2.0,80.0,1.0,-80.4,32.0,45.0,-1234
129,6733815.0,73694.0,0.0,72734.0,0.0,0.0,960.0,202.0,0.0,0.0,5.0,0.0,73694.0,0.0,0.0,351.0,11.0,4.0,2.0,80.0,0.0,520678396.0,383664.0,0.0,0.0,383565.0,89.0,10.0,0.0,867.0,11.0,0.0,9.0,2.0,80.0,1.0,-65.9,32.0,45.0,-1234
130,6880025.0,75569.0,0.0,74609.0,0.0,0.0,960.0,202.0,0.0,0.0,5.0,0.0,75569.0,0.0,0.0,468.0,11.0,5.0,2.0,80.0,0.0,530217652.0,392416.0,0.0,0.0,392317.0,89.0,10.0,0.0,867.0,11.0,0.0,9.0,2.0,80.0,1.0,-65.1,57.0,45.0,-1234
131,7029123.0,77482.0,0.0,76522.0,0.0,0.0,960.0,202.0,0.0,0.0,5.0,0.0,77482.0,0.0,0.0,468.0,11.0,5.0,2.0,80.0,0.0,539144556.0,400572.0,0.0,0.0,400473.0,89.0,10.0,0.0,867.0,11.0,0.0,9.0,2.0,80.0,0.0,-79.7,57.0,45.0,-1234
132,7180367.0,79426.0,0.0,78466.0,0.0,0.0,960.0,202.0,0.0,0.0,5.0,0.0,79426.0,0.0,0.0,527.0,11.0,6.0,2.0,80.0,0.0,548073836.0,408764.0,0.0,0.0,408665.0,89.0,10.0,0.0,867.0,11.0,0.0,9.0,2.0,80.0,1.0,-77.9,29.0,45.0,-1234
133,7340267.0,81485.0,0.0,80525.0,0.0,0.0,960.0,202.0,0.0,0.0,5.0,0.0,81485.0,0.0,0.0,527.0,11.0,6.0,2.0,80.0,0.0,558119276.0,417980.0,0.0,0.0,417881.0,89.0,10.0,0.0,867.0,11.0,0.0,9.0,2.0,80.0,1.0,-63.2,29.0,45.0,-1234
134,7483215.0,83325.0,0.0,82365.0,0.0,0.0,960.0,202.0,0.0,0.0,5.0,0.0,83325.0,0.0,0.0,527.0,11.0,6.0,2.0,80.0,0.0,567046180.0,426136.0,0.0,0.0,426037.0,89.0,10.0,0.0,867.0,11.0,0.0,9.0,2.0,80.0,1.0,-66.2,59.0,45.0,-1234
135,7630479.0,85224.0,0.0,84264.0,0.0,0.0,960.0,202.0,0.0,0.0,5.0,0.0,85224.0,0.0,0.0,585.0,11.0,7.0,2.0,80.0,0.0,575975460.0,434328.0,0.0,0.0,434229.0,89.0,10.0,0.0,867.0,11.0,0.0,9.0,2.0,80.0,1.0,-81.3,59.0,44.0,-1234
136,7702727.0,86154.0,0.0,85194.0,0.0,0.0,960.0,202.0,0.0,0.0,5.0,0.0,86154.0,0.0,0.0,585.0,11.0,7.0,2.0,80.0,0.0,585190744.0,442782.0,0.0,0.0,442683.0,89.0,10.0,0.0,867.0,11.0,0.0,9.0,2.0,80.0,0.0,-80.8,58.0,44.0,-1234
137,7702727.0,86154.0,0.0,85194.0,0.0,0.0,960.0,202.0,0.0,0.0,5.0,0.0,86154.0,0.0,0.0,585.0,11.0,7.0,2.0,80.0,0.0,586020900.0,443544.0,0.0,0.0,443445.0,89.0,10.0,0.0,867.0,11.0,0.0,9.0,2.0,80.0,0.0,-74.6,58.0,45.0,-1234
138,7702872.0,86155.0,0.0,85194.0,0.0,0.0,961.0,202.0,0.0,0.0,5.0,0.0,86155.0,0.0,0.0,585.0,11.0,7.0,2.0,80.0,0.0,586020900.0,443544.0,0.0,0.0,443445.0,89.0,10.0,0.0,867.0,11.0,0.0,9.0,2.0,80.0,0.0,-74.6,58.0,45.0,-1234
139,7703017.0,86156.0,0.0,85194.0,0.0,0.0,962.0,202.0,0.0,0.0,5.0,0.0,86156.0,0.0,0.0,585.0,11.0,7.0,2.0,80.0,0.0,586020979.0,443545.0,0.0,0.0,443446.0,89.0,10.0,0.0,867.0,11.0,0.0,9.0,2.0,80.0,0.0,-75.0,58.0,45.0,-1234
140,7703017.0,86156.0,0.0,85194.0,0.0,0.0,962.0,202.0,0.0,0.0,5.0,0.0,86156.0,0.0,0.0,585.0,11.0,7.0,2.0,80.0,0.0,586021058.0,443546.0,0.0,0.0,443447.0,89.0,10.0,0.0,867.0,11.0,0.0,9.0,2.0,80.0,0.0,-74.1,31.0,45.0,-1234
141,7703162.0,86157.0,0.0,85194.0,0.0,0.0,963.0,202.0,0.0,0.0,5.0,0.0,86157.0,0.0,0.0,585.0,11.0,7.0,2.0,80.0,0.0,586021058.0,443546.0,0.0,0.0,443447.0,89.0,10.0,0.0,867.0,11.0,0.0,0.0,0.0,20.0,0.0,-73.5,31.0,45.0,-1234
142,7703307.0,86158.0,0.0,85194.0,0.0,0.0,964.0,202.0,0.0,0.0,5.0,0.0,86158.0,0.0,0.0,702.0,11.0,8.0,2.0,80.0,0.0,586021179.0,443548.0,0.0,0.0,443449.0,89.0,10.0,0.0,867.0,11.0,0.0,9.0,2.0,80.0,0.0,-72.7,30.0,45.0,-1234
143,7703307.0,86158.0,0.0,85194.0,0.0,0.0,964.0,202.0,0.0,0.0,5.0,0.0,86158.0,0.0,0.0,702.0,11.0,8.0,2.0,80.0,0.0,586021258.0,443549.0,0.0,0.0,443450.0,89.0,10.0,0.0,867.0,11.0,0.0,9.0,2.0,80.0,0.0,-72.3,30.0,45.0,-1234
144,7703452.0,86159.0,0.0,85194.0,0.0,0.0,965.0,202.0,0.0,0.0,5.0,0.0,86159.0,0.0,0.0,585.0,11.0,7.0,2.0,80.0,0.0,586021337.0,443550.0,0.0,0.0,443451.0,89.0,10.0,0.0,867.0,11.0,0.0,9.0,2.0,80.0,0.0,-73.1,30.0,45.0,-1234
145,7703597.0,86160.0,0.0,85194.0,0.0,0.0,966.0,202.0,0.0,0.0,5.0,0.0,86160.0,0.0,0.0,585.0,11.0,7.0,2.0,80.0,0.0,586021416.0,443551.0,0.0,0.0,443452.0,89.0,10.0,0.0,867.0,11.0,0.0,9.0,2.0,80.0,0.0,-74.3,31.0,45.0,-1234
146,7703742.0,86161.0,0.0,85194.0,0.0,0.0,967.0,202.0,0.0,0.0,5.0,0.0,86161.0,0.0,0.0,585.0,11.0,7.0,2.0,80.0,0.0,586021416.0,443551.0,0.0,0.0,443452.0,89.0,10.0,0.0,867.0,11.0,0.0,9.0,2.0,80.0,0.0,-74.3,31.0,45.0,-1234
147,7703742.0,86161.0,0.0,85194.0,0.0,0.0,967.0,202.0,0.0,0.0,5.0,0.0,86161.0,0.0,0.0,702.0,11.0,8.0,2.0,80.0,0.0,586021495.0,443552.0,0.0,0.0,443453.0,89.0,10.0,0.0,867.0,11.0,0.0,9.0,2.0,80.0,0.0,-75.1,32.0,45.0,-1234
148,7703742.0,86161.0,0.0,85194.0,0.0,0.0,967.0,202.0,0.0,0.0,5.0,0.0,86161.0,0.0,0.0,702.0,11.0,8.0,2.0,80.0,0.0,586021495.0,443552.0,0.0,0.0,443453.0,89.0,10.0,0.0,867.0,11.0,0.0,9.0,2.0,80.0,0.0,-75.1,32.0,45.0,-1234
149,7703742.0,86161.0,0.0,85194.0,0.0,0.0,967.0,202.0,0.0,0.0,5.0,0.0,86161.0,0.0,0.0,702.0,11.0,8.0,2.0,80.0,0.0,586021495.0,443552.0,0.0,0.0,443453.0,89.0,10.0,0.0,867.0,11.0,0.0,9.0,2.0,80.0,0.0,-75.1,32.0,45.0,-1234
150,7703887.0,86162.0,0.0,85194.0,0.0,0.0,968.0,202.0,0.0,0.0,5.0,0.0,86162.0,0.0,0.0,702.0,11.0,8.0,2.0,80.0,0.0,586021541.0,443553.0,0.0,0.0,443453.0,90.0,10.0,0.0,867.0,11.0,0.0,9.0,2.0,80.0,0.0,-75.1,32.0,45.0,-1234
151,7703887.0,86162.0,0.0,85194.0,0.0,0.0,968.0,202.0,0.0,0.0,5.0,0.0,86162.0,0.0,0.0,585.0,11.0,7.0,2.0,80.0,0.0,586021620.0,443554.0,0.0,0.0,443454.0,90.0,10.0,0.0,867.0,11.0,0.0,9.0,2.0,80.0,0.0,-74.1,31.0,45.0,-1234
152,7703887.0,86162.0,0.0,85194.0,0.0,0.0,968.0,202.0,0.0,0.0,5.0,0.0,86162.0,0.0,0.0,585.0,11.0,7.0,2.0,80.0,0.0,586021620.0,443554.0,0.0,0.0,443454.0,90.0,10.0,0.0,867.0,11.0,0.0,9.0,2.0,80.0,0.0,-74.1,31.0,45.0,-1234
153,7703887.0,86162.0,0.0,85194.0,0.0,0.0,968.0,202.0,0.0,0.0,5.0,0.0,86162.0,0.0,0.0,585.0,11.0,7.0,2.0,80.0,0.0,586021620.0,443554.0,0.0,0.0,443454.0,90.0,10.0,0.0,867.0,11.0,0.0,9.0,2.0,80.0,0.0,-74.1,31.0,45.0,-1234
154,7703887.0,86162.0,0.0,85194.0,0.0,0.0,968.0,202.0,0.0,0.0,5.0,0.0,86162.0,0.0,0.0,585.0,11.0,7.0,2.0,80.0,0.0,586021620.0,443554.0,0.0,0.0,443454.0,90.0,10.0,0.0,867.0,11.0,0.0,9.0,2.0,80.0,0.0,-74.1,31.0,45.0,-1234
155,7703887.0,86162.0,0.0,85194.0,0.0,0.0,968.0,202.0,0.0,0.0,5.0,0.0,86162.0,0.0,0.0,585.0,11.0,7.0,2.0,80.0,0.0,586021620.0,443554.0,0.0,0.0,443454.0,90.0,10.0,0.0,867.0,11.0,0.0,9.0,2.0,80.0,0.0,-74.1,31.0,45.0,-1234
156,7703887.0,86162.0,0.0,85194.0,0.0,0.0,968.0,202.0,0.0,0.0,5.0,0.0,86162.0,0.0,0.0,585.0,11.0,7.0,2.0,80.0,0.0,586021620.0,443554.0,0.0,0.0,443454.0,90.0,10.0,0.0,867.0,11.0,0.0,9.0,2.0,80.0,0.0,-74.1,31.0,45.0,-1234
157,7703887.0,86162.0,0.0,85194.0,0.0,0.0,968.0,202.0,0.0,0.0,5.0,0.0,86162.0,0.0,0.0,585.0,11.0,7.0,2.0,80.0,0.0,586021620.0,443554.0,0.0,0.0,443454.0,90.0,10.0,0.0,867.0,11.0,0.0,9.0,2.0,80.0,0.0,-74.1,31.0,45.0,-1234
158,7704032.0,86163.0,0.0,85194.0,0.0,0.0,969.0,202.0,0.0,0.0,5.0,0.0,86163.0,0.0,0.0,585.0,11.0,7.0,2.0,80.0,0.0,586021620.0,443554.0,0.0,0.0,443454.0,90.0,10.0,0.0,867.0,11.0,0.0,9.0,2.0,80.0,0.0,-74.1,31.0,45.0,-1234
159,7704032.0,86163.0,0.0,85194.0,0.0,0.0,969.0,202.0,0.0,0.0,5.0,0.0,86163.0,0.0,0.0,585.0,11.0,7.0,2.0,80.0,0.0,586021741.0,443556.0,0.0,0.0,443456.0,90.0,10.0,0.0,867.0,11.0,0.0,9.0,2.0,80.0,0.0,-74.8,32.0,45.0,-1234
160,7704032.0,86163.0,0.0,85194.0,0.0,0.0,969.0,202.0,0.0,0.0,5.0,0.0,86163.0,0.0,0.0,585.0,11.0,7.0,2.0,80.0,0.0,586021741.0,443556.0,0.0,0.0,443456.0,90.0,10.0,0.0,867.0,11.0,0.0,9.0,2.0,80.0,0.0,-74.8,32.0,45.0,-1234
161,7704032.0,86163.0,0.0,85194.0,0.0,0.0,969.0,202.0,0.0,0.0,5.0,0.0,86163.0,0.0,0.0,585.0,11.0,7.0,2.0,80.0,0.0,586021741.0,443556.0,0.0,0.0,443456.0,90.0,10.0,0.0,867.0,11.0,0.0,9.0,2.0,80.0,0.0,-74.8,32.0,45.0,-1234
162,7704032.0,86163.0,0.0,85194.0,0.0,0.0,969.0,202.0,0.0,0.0,5.0,0.0,86163.0,0.0,0.0,585.0,11.0,7.0,2.0,80.0,0.0,586021741.0,443556.0,0.0,0.0,443456.0,90.0,10.0,0.0,867.0,11.0,0.0,9.0,2.0,80.0,0.0,-74.8,32.0,45.0,-1234
163,7704032.0,86163.0,0.0,85194.0,0.0,0.0,969.0,202.0,0.0,0.0,5.0,0.0,86163.0,0.0,0.0,585.0,11.0,7.0,2.0,80.0,0.0,586021741.0,443556.0,0.0,0.0,443456.0,90.0,10.0,0.0,867.0,11.0,0.0,9.0,2.0,80.0,0.0,-74.8,32.0,45.0,-1234
164,7704032.0,86163.0,0.0,85194.0,0.0,0.0,969.0,202.0,0.0,0.0,5.0,0.0,86163.0,0.0,0.0,585.0,11.0,7.0,2.0,80.0,0.0,586021741.0,443556.0,0.0,0.0,443456.0,90.0,10.0,0.0,867.0,11.0,0.0,9.0,2.0,80.0,0.0,-74.8,32.0,45.0,-1234
165,7704032.0,86163.0,0.0,85194.0,0.0,0.0,969.0,202.0,0.0,0.0,5.0,0.0,86163.0,0.0,0.0,585.0,11.0,7.0,2.0,80.0,0.0,586021741.0,443556.0,0.0,0.0,443456.0,90.0,10.0,0.0,867.0,11.0,0.0,9.0,2.0,80.0,0.0,-74.8,32.0,45.0,-1234
166,7704032.0,86163.0,0.0,85194.0,0.0,0.0,969.0,202.0,0.0,0.0,5.0,0.0,86163.0,0.0,0.0,585.0,11.0,7.0,2.0,80.0,0.0,586021741.0,443556.0,0.0,0.0,443456.0,90.0,10.0,0.0,867.0,11.0,0.0,9.0,2.0,80.0,0.0,-74.8,32.0,45.0,-1234
167,7704032.0,86163.0,0.0,85194.0,0.0,0.0,969.0,202.0,0.0,0.0,5.0,0.0,86163.0,0.0,0.0,585.0,11.0,7.0,2.0,80.0,0.0,586021741.0,443556.0,0.0,0.0,443456.0,90.0,10.0,0.0,867.0,11.0,0.0,9.0,2.0,80.0,0.0,-74.8,32.0,45.0,-1234
168,7704032.0,86163.0,0.0,85194.0,0.0,0.0,969.0,202.0,0.0,0.0,5.0,0.0,86163.0,0.0,0.0,585.0,11.0,7.0,2.0,80.0,0.0,586021741.0,443556.0,0.0,0.0,443456.0,90.0,10.0,0.0,867.0,11.0,0.0,9.0,2.0,80.0,0.0,-74.8,32.0,45.0,-1234
169,7704032.0,86163.0,0.0,85194.0,0.0,0.0,969.0,202.0,0.0,0.0,5.0,0.0,86163.0,0.0,0.0,585.0,11.0,7.0,2.0,80.0,0.0,586021741.0,443556.0,0.0,0.0,443456.0,90.0,10.0,0.0,867.0,11.0,0.0,9.0,2.0,80.0,0.0,-74.8,32.0,45.0,-1234
170,7704032.0,86163.0,0.0,85194.0,0.0,0.0,969.0,202.0,0.0,0.0,5.0,0.0,86163.0,0.0,0.0,585.0,11.0,7.0,2.0,80.0,0.0,586021741.0,443556.0,0.0,0.0,443456.0,90.0,10.0,0.0,867.0,11.0,0.0,9.0,2.0,80.0,0.0,-74.8,32.0,45.0,-1234
171,7704032.0,86163.0,0.0,85194.0,0.0,0.0,969.0,202.0,0.0,0.0,5.0,0.0,86163.0,0.0,0.0,585.0,11.0,7.0,2.0,80.0,0.0,586021741.0,443556.0,0.0,0.0,443456.0,90.0,10.0,0.0,867.0,11.0,0.0,9.0,2.0,80.0,0.0,-74.8,32.0,45.0,-1234
172,7704177.0,86164.0,0.0,85194.0,0.0,0.0,970.0,202.0,0.0,0.0,5.0,0.0,86164.0,0.0,0.0,585.0,11.0,7.0,2.0,80.0,0.0,586021741.0,443556.0,0.0,0.0,443456.0,90.0,10.0,0.0,867.0,11.0,0.0,9.0,2.0,80.0,0.0,-74.8,32.0,45.0,-1234
173,7704177.0,86164.0,0.0,85194.0,0.0,0.0,970.0,202.0,0.0,0.0,5.0,0.0,86164.0,0.0,0.0,585.0,11.0,7.0,2.0,80.0,0.0,586021820.0,443557.0,0.0,0.0,443457.0,90.0,10.0,0.0,867.0,11.0,0.0,9.0,2.0,80.0,0.0,-70.1,27.0,45.0,-1234
174,7704177.0,86164.0,0.0,85194.0,0.0,0.0,970.0,202.0,0.0,0.0,5.0,0.0,86164.0,0.0,0.0,585.0,11.0,7.0,2.0,80.0,0.0,586021862.0,443558.0,0.0,0.0,443458.0,90.0,10.0,0.0,867.0,11.0,0.0,9.0,2.0,80.0,0.0,-69.3,27.0,45.0,-1234
175,7704177.0,86164.0,0.0,85194.0,0.0,0.0,970.0,202.0,0.0,0.0,5.0,0.0,86164.0,0.0,0.0,585.0,11.0,7.0,2.0,80.0,0.0,586021862.0,443558.0,0.0,0.0,443458.0,90.0,10.0,0.0,867.0,11.0,0.0,9.0,2.0,80.0,0.0,-69.3,27.0,45.0,-1234
176,7704177.0,86164.0,0.0,85194.0,0.0,0.0,970.0,202.0,0.0,0.0,5.0,0.0,86164.0,0.0,0.0,585.0,11.0,7.0,2.0,80.0,0.0,586021862.0,443558.0,0.0,0.0,443458.0,90.0,10.0,0.0,867.0,11.0,0.0,9.0,2.0,80.0,0.0,-69.3,27.0,45.0,-1234
177,7704177.0,86164.0,0.0,85194.0,0.0,0.0,970.0,202.0,0.0,0.0,5.0,0.0,86164.0,0.0,0.0,585.0,11.0,7.0,2.0,80.0,0.0,586021862.0,443558.0,0.0,0.0,443458.0,90.0,10.0,0.0,867.0,11.0,0.0,9.0,2.0,80.0,0.0,-69.3,27.0,45.0,-1234
178,7704177.0,86164.0,0.0,85194.0,0.0,0.0,970.0,202.0,0.0,0.0,5.0,0.0,86164.0,0.0,0.0,585.0,11.0,7.0,2.0,80.0,0.0,586021862.0,443558.0,0.0,0.0,443458.0,90.0,10.0,0.0,867.0,11.0,0.0,9.0,2.0,80.0,0.0,-69.3,27.0,45.0,-1234
179,7704177.0,86164.0,0.0,85194.0,0.0,0.0,970.0,202.0,0.0,0.0,5.0,0.0,86164.0,0.0,0.0,585.0,11.0,7.0,2.0,80.0,0.0,586021862.0,443558.0,0.0,0.0,443458.0,90.0,10.0,0.0,867.0,11.0,0.0,9.0,2.0,80.0,0.0,-69.3,27.0,45.0,-1234
180,7704177.0,86164.0,0.0,85194.0,0.0,0.0,970.0,202.0,0.0,0.0,5.0,0.0,86164.0,0.0,0.0,585.0,11.0,7.0,2.0,80.0,0.0,586021862.0,443558.0,0.0,0.0,443458.0,90.0,10.0,0.0,867.0,11.0,0.0,9.0,2.0,80.0,0.0,-69.3,27.0,45.0,-1234
181,7704177.0,86164.0,0.0,85194.0,0.0,0.0,970.0,202.0,0.0,0.0,5.0,0.0,86164.0,0.0,0.0,585.0,11.0,7.0,2.0,80.0,0.0,586021862.0,443558.0,0.0,0.0,443458.0,90.0,10.0,0.0,867.0,11.0,0.0,9.0,2.0,80.0,0.0,-69.3,27.0,45.0,-1234
182,7704177.0,86164.0,0.0,85194.0,0.0,0.0,970.0,202.0,0.0,0.0,5.0,0.0,86164.0,0.0,0.0,585.0,11.0,7.0,2.0,80.0,0.0,586021862.0,443558.0,0.0,0.0,443458.0,90.0,10.0,0.0,867.0,11.0,0.0,9.0,2.0,80.0,0.0,-69.3,27.0,45.0,-1234
183,7704177.0,86164.0,0.0,85194.0,0.0,0.0,970.0,202.0,0.0,0.0,5.0,0.0,86164.0,0.0,0.0,585.0,11.0,7.0,2.0,80.0,0.0,586021862.0,443558.0,0.0,0.0,443458.0,90.0,10.0,0.0,867.0,11.0,0.0,9.0,2.0,80.0,0.0,-69.3,27.0,45.0,-1234
184,7704313.0,86165.0,0.0,85194.0,0.0,0.0,971.0,202.0,0.0,0.0,5.0,0.0,86165.0,0.0,0.0,585.0,11.0,7.0,2.0,80.0,0.0,586021862.0,443558.0,0.0,0.0,443458.0,90.0,10.0,0.0,867.0,11.0,0.0,9.0,2.0,80.0,0.0,-69.3,27.0,45.0,-1234
185,7704449.0,86166.0,0.0,85194.0,0.0,0.0,972.0,202.0,0.0,0.0,5.0,0.0,86166.0,0.0,0.0,585.0,11.0,7.0,2.0,80.0,0.0,586021932.0,443559.0,0.0,0.0,443459.0,90.0,10.0,0.0,867.0,11.0,0.0,9.0,2.0,80.0,0.0,-73.2,31.0,45.0,-1234
186,7704449.0,86166.0,0.0,85194.0,0.0,0.0,972.0,202.0,0.0,0.0,5.0,0.0,86166.0,0.0,0.0,702.0,11.0,8.0,2.0,80.0,0.0,586022002.0,443560.0,0.0,0.0,443460.0,90.0,10.0,0.0,867.0,11.0,0.0,9.0,2.0,80.0,0.0,-73.2,31.0,45.0,-1234
187,7704585.0,86167.0,0.0,85194.0,0.0,0.0,973.0,202.0,0.0,0.0,5.0,0.0,86167.0,0.0,0.0,702.0,11.0,8.0,2.0,80.0,0.0,586022072.0,443561.0,0.0,0.0,443461.0,90.0,10.0,0.0,867.0,11.0,0.0,9.0,2.0,80.0,0.0,-73.2,31.0,45.0,-1234
188,7704721.0,86168.0,0.0,85194.0,0.0,0.0,974.0,202.0,0.0,0.0,5.0,0.0,86168.0,0.0,0.0,702.0,11.0,8.0,2.0,80.0,0.0,586022142.0,443562.0,0.0,0.0,443462.0,90.0,10.0,0.0,867.0,11.0,0.0,9.0,2.0,80.0,0.0,-73.8,31.0,45.0,-1234
189,7704721.0,86168.0,0.0,85194.0,0.0,0.0,974.0,202.0,0.0,0.0,5.0,0.0,86168.0,0.0,0.0,702.0,11.0,8.0,2.0,80.0,0.0,586022142.0,443562.0,0.0,0.0,443462.0,90.0,10.0,0.0,867.0,11.0,0.0,9.0,2.0,80.0,0.0,-73.8,31.0,45.0,-1234
190,7704857.0,86169.0,0.0,85194.0,0.0,0.0,975.0,202.0,0.0,0.0,5.0,0.0,86169.0,0.0,0.0,702.0,11.0,8.0,2.0,80.0,0.0,586022212.0,443563.0,0.0,0.0,443463.0,90.0,10.0,0.0,867.0,11.0,0.0,9.0,2.0,80.0,0.0,-74.2,32.0,45.0,-1234
191,7704993.0,86170.0,0.0,85194.0,0.0,0.0,976.0,202.0,0.0,0.0,5.0,0.0,86170.0,0.0,0.0,585.0,11.0,7.0,2.0,80.0,0.0,586022324.0,443565.0,0.0,0.0,443465.0,90.0,10.0,0.0,867.0,11.0,0.0,9.0,2.0,80.0,0.0,-74.2,32.0,45.0,-1234
192,7704993.0,86170.0,0.0,85194.0,0.0,0.0,976.0,202.0,0.0,0.0,5.0,0.0,86170.0,0.0,0.0,585.0,11.0,7.0,2.0,80.0,0.0,586022324.0,443565.0,0.0,0.0,443465.0,90.0,10.0,0.0,867.0,11.0,0.0,9.0,2.0,80.0,0.0,-74.2,32.0,45.0,-1234
193,7705129.0,86171.0,0.0,85194.0,0.0,0.0,977.0,202.0,0.0,0.0,5.0,0.0,86171.0,0.0,0.0,702.0,11.0,8.0,2.0,80.0,0.0,586022394.0,443566.0,0.0,0.0,443466.0,90.0,10.0,0.0,867.0,11.0,0.0,9.0,2.0,80.0,0.0,-74.2,32.0,46.0,-1234
194,7705129.0,86171.0,0.0,85194.0,0.0,0.0,977.0,202.0,0.0,0.0,5.0,0.0,86171.0,0.0,0.0,702.0,11.0,8.0,2.0,80.0,0.0,586022394.0,443566.0,0.0,0.0,443466.0,90.0,10.0,0.0,867.0,11.0,0.0,9.0,2.0,80.0,0.0,-74.2,32.0,46.0,-1234
195,7705129.0,86171.0,0.0,85194.0,0.0,0.0,977.0,202.0,0.0,0.0,5.0,0.0,86171.0,0.0,0.0,702.0,11.0,8.0,2.0,80.0,0.0,586022394.0,443566.0,0.0,0.0,443466.0,90.0,10.0,0.0,867.0,11.0,0.0,9.0,2.0,80.0,0.0,-74.2,32.0,46.0,-1234
196,7705129.0,86171.0,0.0,85194.0,0.0,0.0,977.0,202.0,0.0,0.0,5.0,0.0,86171.0,0.0,0.0,702.0,11.0,8.0,2.0,80.0,0.0,586022394.0,443566.0,0.0,0.0,443466.0,90.0,10.0,0.0,867.0,11.0,0.0,9.0,2.0,80.0,0.0,-74.2,32.0,46.0,-1234
197,7705265.0,86172.0,0.0,85194.0,0.0,0.0,978.0,202.0,0.0,0.0,5.0,0.0,86172.0,0.0,0.0,585.0,11.0,7.0,2.0,80.0,0.0,586022464.0,443567.0,0.0,0.0,443467.0,90.0,10.0,0.0,867.0,11.0,0.0,9.0,2.0,80.0,0.0,-74.2,32.0,46.0,-1234
198,7705265.0,86172.0,0.0,85194.0,0.0,0.0,978.0,202.0,0.0,0.0,5.0,0.0,86172.0,0.0,0.0,585.0,11.0,7.0,2.0,80.0,0.0,586022464.0,443567.0,0.0,0.0,443467.0,90.0,10.0,0.0,867.0,11.0,0.0,0.0,0.0,20.0,0.0,-73.2,31.0,46.0,-1234
199,7705265.0,86172.0,0.0,85194.0,0.0,0.0,978.0,202.0,0.0,0.0,5.0,0.0,86172.0,0.0,0.0,585.0,11.0,7.0,2.0,80.0,0.0,586022464.0,443567.0,0.0,0.0,443467.0,90.0,10.0,0.0,867.0,11.0,0.0,0.0,0.0,20.0,0.0,-73.2,31.0,46.0,-1234
200,7705407.0,86173.0,0.0,85194.0,0.0,0.0,979.0,202.0,0.0,0.0,5.0,0.0,86173.0,0.0,0.0,585.0,11.0,7.0,2.0,80.0,0.0,586022464.0,443567.0,0.0,0.0,443467.0,90.0,10.0,0.0,867.0,11.0,0.0,0.0,0.0,20.0,0.0,-72.5,30.0,46.0,-1234
201,7705549.0,86174.0,0.0,85194.0,0.0,0.0,980.0,202.0,0.0,0.0,5.0,0.0,86174.0,0.0,0.0,702.0,11.0,8.0,2.0,80.0,0.0,586022540.0,443568.0,0.0,0.0,443468.0,90.0,10.0,0.0,867.0,11.0,0.0,9.0,2.0,80.0,0.0,-72.9,30.0,46.0,-1234
202,7705549.0,86174.0,0.0,85194.0,0.0,0.0,980.0,202.0,0.0,0.0,5.0,0.0,86174.0,0.0,0.0,702.0,11.0,8.0,2.0,80.0,0.0,586022616.0,443569.0,0.0,0.0,443469.0,90.0,10.0,0.0,867.0,11.0,0.0,9.0,2.0,80.0,0.0,-73.9,31.0,46.0,-1234
203,7705836.0,86176.0,0.0,85194.0,0.0,0.0,982.0,202.0,0.0,0.0,5.0,0.0,86176.0,0.0,0.0,702.0,11.0,8.0,2.0,80.0,0.0,586022616.0,443569.0,0.0,0.0,443469.0,90.0,10.0,0.0,867.0,11.0,0.0,0.0,0.0,20.0,0.0,-73.9,31.0,46.0,-1234
204,7706114.0,86178.0,0.0,85194.0,0.0,0.0,984.0,202.0,0.0,0.0,5.0,0.0,86178.0,0.0,0.0,702.0,11.0,8.0,2.0,80.0,0.0,586022771.0,443571.0,0.0,0.0,443471.0,90.0,10.0,0.0,867.0,11.0,0.0,9.0,2.0,80.0,0.0,-72.1,29.0,46.0,-1234
205,7706114.0,86178.0,0.0,85194.0,0.0,0.0,984.0,202.0,0.0,0.0,5.0,0.0,86178.0,0.0,0.0,702.0,11.0,8.0,2.0,80.0,0.0,586022917.0,443573.0,0.0,0.0,443473.0,90.0,10.0,0.0,867.0,11.0,0.0,9.0,2.0,80.0,0.0,-72.5,29.0,46.0,-1234
206,7706256.0,86179.0,0.0,85194.0,0.0,0.0,985.0,202.0,0.0,0.0,5.0,0.0,86179.0,0.0,0.0,702.0,11.0,8.0,2.0,80.0,0.0,586022963.0,443574.0,0.0,0.0,443473.0,91.0,10.0,0.0,527.0,11.0,0.0,6.0,2.0,80.0,0.0,-73.5,56.0,46.0,-1234
207,7706398.0,86180.0,0.0,85194.0,0.0,0.0,986.0,202.0,0.0,0.0,5.0,0.0,86180.0,0.0,0.0,702.0,11.0,8.0,2.0,80.0,0.0,586023157.0,443577.0,0.0,0.0,443476.0,91.0,10.0,0.0,867.0,11.0,0.0,9.0,2.0,80.0,0.0,-74.3,32.0,46.0,-1234
208,7706398.0,86180.0,0.0,85194.0,0.0,0.0,986.0,202.0,0.0,0.0,5.0,0.0,86180.0,0.0,0.0,702.0,11.0,8.0,2.0,80.0,0.0,586023157.0,443577.0,0.0,0.0,443476.0,91.0,10.0,0.0,867.0,11.0,0.0,9.0,2.0,80.0,0.0,-74.3,32.0,46.0,-1234
209,7706540.0,86181.0,0.0,85194.0,0.0,0.0,987.0,202.0,0.0,0.0,5.0,0.0,86181.0,0.0,0.0,585.0,11.0,7.0,2.0,80.0,0.0,586023233.0,443578.0,0.0,0.0,443477.0,91.0,10.0,0.0,867.0,11.0,0.0,9.0,2.0,80.0,0.0,-68.9,27.0,46.0,-1234
210,7706540.0,86181.0,0.0,85194.0,0.0,0.0,987.0,202.0,0.0,0.0,5.0,0.0,86181.0,0.0,0.0,585.0,11.0,7.0,2.0,80.0,0.0,586023233.0,443578.0,0.0,0.0,443477.0,91.0,10.0,0.0,867.0,11.0,0.0,9.0,2.0,80.0,0.0,-68.9,27.0,46.0,-1234
211,7706540.0,86181.0,0.0,85194.0,0.0,0.0,987.0,202.0,0.0,0.0,5.0,0.0,86181.0,0.0,0.0,585.0,11.0,7.0,2.0,80.0,0.0,586023233.0,443578.0,0.0,0.0,443477.0,91.0,10.0,0.0,867.0,11.0,0.0,9.0,2.0,80.0,0.0,-68.9,27.0,46.0,-1234
212,7706682.0,86182.0,0.0,85194.0,0.0,0.0,988.0,202.0,0.0,0.0,5.0,0.0,86182.0,0.0,0.0,585.0,11.0,7.0,2.0,80.0,0.0,586023233.0,443578.0,0.0,0.0,443477.0,91.0,10.0,0.0,867.0,11.0,0.0,9.0,2.0,80.0,0.0,-68.9,27.0,46.0,-1234
213,7706682.0,86182.0,0.0,85194.0,0.0,0.0,988.0,202.0,0.0,0.0,5.0,0.0,86182.0,0.0,0.0,585.0,11.0,7.0,2.0,80.0,0.0,586023309.0,443579.0,0.0,0.0,443478.0,91.0,10.0,0.0,867.0,11.0,0.0,9.0,2.0,80.0,0.0,-72.2,30.0,46.0,-1234
214,7706682.0,86182.0,0.0,85194.0,0.0,0.0,988.0,202.0,0.0,0.0,5.0,0.0,86182.0,0.0,0.0,585.0,11.0,7.0,2.0,80.0,0.0,586023309.0,443579.0,0.0,0.0,443478.0,91.0,10.0,0.0,867.0,11.0,0.0,9.0,2.0,80.0,0.0,-72.2,30.0,46.0,-1234
215,7706682.0,86182.0,0.0,85194.0,0.0,0.0,988.0,202.0,0.0,0.0,5.0,0.0,86182.0,0.0,0.0,585.0,11.0,7.0,2.0,80.0,0.0,586023309.0,443579.0,0.0,0.0,443478.0,91.0,10.0,0.0,867.0,11.0,0.0,9.0,2.0,80.0,0.0,-72.2,30.0,46.0,-1234
216,7706682.0,86182.0,0.0,85194.0,0.0,0.0,988.0,202.0,0.0,0.0,5.0,0.0,86182.0,0.0,0.0,585.0,11.0,7.0,2.0,80.0,0.0,586023309.0,443579.0,0.0,0.0,443478.0,91.0,10.0,0.0,867.0,11.0,0.0,9.0,2.0,80.0,0.0,-72.2,30.0,46.0,-1234
217,7706682.0,86182.0,0.0,85194.0,0.0,0.0,988.0,202.0,0.0,0.0,5.0,0.0,86182.0,0.0,0.0,585.0,11.0,7.0,2.0,80.0,0.0,586023309.0,443579.0,0.0,0.0,443478.0,91.0,10.0,0.0,867.0,11.0,0.0,9.0,2.0,80.0,0.0,-72.2,30.0,46.0,-1234
218,7706682.0,86182.0,0.0,85194.0,0.0,0.0,988.0,202.0,0.0,0.0,5.0,0.0,86182.0,0.0,0.0,585.0,11.0,7.0,2.0,80.0,0.0,586023309.0,443579.0,0.0,0.0,443478.0,91.0,10.0,0.0,867.0,11.0,0.0,9.0,2.0,80.0,0.0,-72.2,30.0,46.0,-1234
219,7706682.0,86182.0,0.0,85194.0,0.0,0.0,988.0,202.0,0.0,0.0,5.0,0.0,86182.0,0.0,0.0,585.0,11.0,7.0,2.0,80.0,0.0,586023309.0,443579.0,0.0,0.0,443478.0,91.0,10.0,0.0,867.0,11.0,0.0,9.0,2.0,80.0,0.0,-72.2,30.0,46.0,-1234
220,7706824.0,86183.0,0.0,85194.0,0.0,0.0,989.0,202.0,0.0,0.0,5.0,0.0,86183.0,0.0,0.0,585.0,11.0,7.0,2.0,80.0,0.0,586023309.0,443579.0,0.0,0.0,443478.0,91.0,10.0,0.0,867.0,11.0,0.0,9.0,2.0,80.0,0.0,-72.2,30.0,46.0,-1234
221,7706824.0,86183.0,0.0,85194.0,0.0,0.0,989.0,202.0,0.0,0.0,5.0,0.0,86183.0,0.0,0.0,702.0,11.0,8.0,2.0,80.0,0.0,586023385.0,443580.0,0.0,0.0,443479.0,91.0,10.0,0.0,867.0,11.0,0.0,9.0,2.0,80.0,0.0,-72.3,30.0,46.0,-1234
222,7706824.0,86183.0,0.0,85194.0,0.0,0.0,989.0,202.0,0.0,0.0,5.0,0.0,86183.0,0.0,0.0,702.0,11.0,8.0,2.0,80.0,0.0,586023385.0,443580.0,0.0,0.0,443479.0,91.0,10.0,0.0,867.0,11.0,0.0,9.0,2.0,80.0,0.0,-72.3,30.0,46.0,-1234
223,7706824.0,86183.0,0.0,85194.0,0.0,0.0,989.0,202.0,0.0,0.0,5.0,0.0,86183.0,0.0,0.0,702.0,11.0,8.0,2.0,80.0,0.0,586023385.0,443580.0,0.0,0.0,443479.0,91.0,10.0,0.0,867.0,11.0,0.0,9.0,2.0,80.0,0.0,-72.3,30.0,46.0,-1234
224,7706824.0,86183.0,0.0,85194.0,0.0,0.0,989.0,202.0,0.0,0.0,5.0,0.0,86183.0,0.0,0.0,702.0,11.0,8.0,2.0,80.0,0.0,586023427.0,443581.0,0.0,0.0,443480.0,91.0,10.0,0.0,867.0,11.0,0.0,9.0,2.0,80.0,0.0,-72.7,30.0,46.0,-1234
225,7706969.0,86184.0,0.0,85194.0,0.0,0.0,990.0,202.0,0.0,0.0,5.0,0.0,86184.0,0.0,0.0,702.0,11.0,8.0,2.0,80.0,0.0,586023427.0,443581.0,0.0,0.0,443480.0,91.0,10.0,0.0,867.0,11.0,0.0,0.0,0.0,20.0,0.0,-74.2,31.0,46.0,-1234
226,7707114.0,86185.0,0.0,85194.0,0.0,0.0,991.0,202.0,0.0,0.0,5.0,0.0,86185.0,0.0,0.0,780.0,11.0,9.0,2.0,80.0,0.0,586023506.0,443582.0,0.0,0.0,443481.0,91.0,10.0,0.0,867.0,11.0,0.0,9.0,2.0,80.0,0.0,-74.2,31.0,46.0,-1234
227,7707114.0,86185.0,0.0,85194.0,0.0,0.0,991.0,202.0,0.0,0.0,5.0,0.0,86185.0,0.0,0.0,702.0,11.0,8.0,2.0,80.0,0.0,586023585.0,443583.0,0.0,0.0,443482.0,91.0,10.0,0.0,867.0,11.0,0.0,9.0,2.0,80.0,0.0,-72.6,30.0,46.0,-1234
228,7707259.0,86186.0,0.0,85194.0,0.0,0.0,992.0,202.0,0.0,0.0,5.0,0.0,86186.0,0.0,0.0,702.0,11.0,8.0,2.0,80.0,0.0,586023585.0,443583.0,0.0,0.0,443482.0,91.0,10.0,0.0,867.0,11.0,0.0,0.0,0.0,20.0,0.0,-72.2,30.0,46.0,-1234
229,7707404.0,86187.0,0.0,85194.0,0.0,0.0,993.0,202.0,0.0,0.0,5.0,0.0,86187.0,0.0,0.0,702.0,11.0,8.0,2.0,80.0,0.0,586023743.0,443585.0,0.0,0.0,443484.0,91.0,10.0,0.0,527.0,11.0,0.0,6.0,2.0,80.0,0.0,-73.2,30.0,46.0,-1234
230,7707404.0,86187.0,0.0,85194.0,0.0,0.0,993.0,202.0,0.0,0.0,5.0,0.0,86187.0,0.0,0.0,702.0,11.0,8.0,2.0,80.0,0.0,586023743.0,443585.0,0.0,0.0,443484.0,91.0,10.0,0.0,527.0,11.0,0.0,0.0,0.0,20.0,0.0,-72.1,29.0,46.0,-1234
231,7707549.0,86188.0,0.0,85194.0,0.0,0.0,994.0,202.0,0.0,0.0,5.0,0.0,86188.0,0.0,0.0,702.0,11.0,8.0,2.0,80.0,0.0,586023822.0,443586.0,0.0,0.0,443485.0,91.0,10.0,0.0,867.0,11.0,0.0,9.0,2.0,80.0,0.0,-72.1,29.0,46.0,-1234
232,7707694.0,86189.0,0.0,85194.0,0.0,0.0,995.0,202.0,0.0,0.0,5.0,0.0,86189.0,0.0,0.0,702.0,11.0,8.0,2.0,80.0,0.0,586023901.0,443587.0,0.0,0.0,443486.0,91.0,10.0,0.0,867.0,11.0,0.0,0.0,0.0,20.0,0.0,-71.2,29.0,46.0,-1234
233,7707839.0,86190.0,0.0,85194.0,0.0,0.0,996.0,202.0,0.0,0.0,5.0,0.0,86190.0,0.0,0.0,702.0,11.0,8.0,2.0,80.0,0.0,586023980.0,443588.0,0.0,0.0,443487.0,91.0,10.0,0.0,468.0,11.0,0.0,5.0,2.0,80.0,0.0,-72.7,30.0,46.0,-1234
234,7707981.0,86191.0,0.0,85194.0,0.0,0.0,997.0,202.0,0.0,0.0,5.0,0.0,86191.0,0.0,0.0,702.0,11.0,8.0,2.0,80.0,0.0,586023980.0,443588.0,0.0,0.0,443487.0,91.0,10.0,0.0,468.0,11.0,0.0,0.0,0.0,20.0,0.0,-72.7,30.0,46.0,-1234
235,7707981.0,86191.0,0.0,85194.0,0.0,0.0,997.0,202.0,0.0,0.0,5.0,0.0,86191.0,0.0,0.0,702.0,11.0,8.0,2.0,80.0,0.0,586024056.0,443589.0,0.0,0.0,443488.0,91.0,10.0,0.0,867.0,11.0,0.0,9.0,2.0,80.0,0.0,-71.2,29.0,46.0,-1234
236,7707981.0,86191.0,0.0,85194.0,0.0,0.0,997.0,202.0,0.0,0.0,5.0,0.0,86191.0,0.0,0.0,702.0,11.0,8.0,2.0,80.0,0.0,586024056.0,443589.0,0.0,0.0,443488.0,91.0,10.0,0.0,867.0,11.0,0.0,9.0,2.0,80.0,0.0,-71.2,29.0,46.0,-1234
237,7708126.0,86192.0,0.0,85194.0,0.0,0.0,998.0,202.0,0.0,0.0,5.0,0.0,86192.0,0.0,0.0,702.0,11.0,8.0,2.0,80.0,0.0,586024135.0,443590.0,0.0,0.0,443489.0,91.0,10.0,0.0,867.0,11.0,0.0,9.0,2.0,80.0,0.0,-71.1,29.0,46.0,-1234
238,7708126.0,86192.0,0.0,85194.0,0.0,0.0,998.0,202.0,0.0,0.0,5.0,0.0,86192.0,0.0,0.0,702.0,11.0,8.0,2.0,80.0,0.0,586024135.0,443590.0,0.0,0.0,443489.0,91.0,10.0,0.0,867.0,11.0,0.0,0.0,0.0,20.0,0.0,-71.1,29.0,46.0,-1234
239,7708126.0,86192.0,0.0,85194.0,0.0,0.0,998.0,202.0,0.0,0.0,5.0,0.0,86192.0,0.0,0.0,702.0,11.0,8.0,2.0,80.0,0.0,586024135.0,443590.0,0.0,0.0,443489.0,91.0,10.0,0.0,867.0,11.0,0.0,0.0,0.0,20.0,0.0,-71.1,29.0,46.0,-1234
240,7708126.0,86192.0,0.0,85194.0,0.0,0.0,998.0,202.0,0.0,0.0,5.0,0.0,86192.0,0.0,0.0,702.0,11.0,8.0,2.0,80.0,0.0,586024177.0,443591.0,0.0,0.0,443490.0,91.0,10.0,0.0,867.0,11.0,0.0,9.0,2.0,80.0,0.0,-71.1,29.0,46.0,-1234
241,7708126.0,86192.0,0.0,85194.0,0.0,0.0,998.0,202.0,0.0,0.0,5.0,0.0,86192.0,0.0,0.0,702.0,11.0,8.0,2.0,80.0,0.0,586024177.0,443591.0,0.0,0.0,443490.0,91.0,10.0,0.0,867.0,11.0,0.0,9.0,2.0,80.0,0.0,-71.1,29.0,46.0,-1234
242,7708126.0,86192.0,0.0,85194.0,0.0,0.0,998.0,202.0,0.0,0.0,5.0,0.0,86192.0,0.0,0.0,702.0,11.0,8.0,2.0,80.0,0.0,586024177.0,443591.0,0.0,0.0,443490.0,91.0,10.0,0.0,867.0,11.0,0.0,9.0,2.0,80.0,0.0,-71.1,29.0,46.0,-1234
243,7708126.0,86192.0,0.0,85194.0,0.0,0.0,998.0,202.0,0.0,0.0,5.0,0.0,86192.0,0.0,0.0,702.0,11.0,8.0,2.0,80.0,0.0,586024177.0,443591.0,0.0,0.0,443490.0,91.0,10.0,0.0,867.0,11.0,0.0,9.0,2.0,80.0,0.0,-71.1,29.0,46.0,-1234
244,7708126.0,86192.0,0.0,85194.0,0.0,0.0,998.0,202.0,0.0,0.0,5.0,0.0,86192.0,0.0,0.0,702.0,11.0,8.0,2.0,80.0,0.0,586024177.0,443591.0,0.0,0.0,443490.0,91.0,10.0,0.0,867.0,11.0,0.0,9.0,2.0,80.0,0.0,-71.1,29.0,46.0,-1234
245,7708271.0,86193.0,0.0,85194.0,0.0,0.0,999.0,202.0,0.0,0.0,5.0,0.0,86193.0,0.0,0.0,585.0,11.0,7.0,2.0,80.0,0.0,586024256.0,443592.0,0.0,0.0,443491.0,91.0,10.0,0.0,867.0,11.0,0.0,9.0,2.0,80.0,0.0,-73.3,31.0,46.0,-1234
246,7708271.0,86193.0,0.0,85194.0,0.0,0.0,999.0,202.0,0.0,0.0,5.0,0.0,86193.0,0.0,0.0,585.0,11.0,7.0,2.0,80.0,0.0,586024256.0,443592.0,0.0,0.0,443491.0,91.0,10.0,0.0,867.0,11.0,0.0,0.0,0.0,20.0,0.0,-73.3,31.0,46.0,-1234
247,7708271.0,86193.0,0.0,85194.0,0.0,0.0,999.0,202.0,0.0,0.0,5.0,0.0,86193.0,0.0,0.0,585.0,11.0,7.0,2.0,80.0,0.0,586024256.0,443592.0,0.0,0.0,443491.0,91.0,10.0,0.0,867.0,11.0,0.0,0.0,0.0,20.0,0.0,-73.3,31.0,46.0,-1234
248,7708271.0,86193.0,0.0,85194.0,0.0,0.0,999.0,202.0,0.0,0.0,5.0,0.0,86193.0,0.0,0.0,585.0,11.0,7.0,2.0,80.0,0.0,586024256.0,443592.0,0.0,0.0,443491.0,91.0,10.0,0.0,867.0,11.0,0.0,0.0,0.0,20.0,0.0,-73.3,31.0,46.0,-1234
249,7708271.0,86193.0,0.0,85194.0,0.0,0.0,999.0,202.0,0.0,0.0,5.0,0.0,86193.0,0.0,0.0,585.0,11.0,7.0,2.0,80.0,0.0,586024256.0,443592.0,0.0,0.0,443491.0,91.0,10.0,0.0,867.0,11.0,0.0,0.0,0.0,20.0,0.0,-73.3,31.0,46.0,-1234
250,7708271.0,86193.0,0.0,85194.0,0.0,0.0,999.0,202.0,0.0,0.0,5.0,0.0,86193.0,0.0,0.0,585.0,11.0,7.0,2.0,80.0,0.0,586024256.0,443592.0,0.0,0.0,443491.0,91.0,10.0,0.0,867.0,11.0,0.0,0.0,0.0,20.0,0.0,-73.3,31.0,46.0,-1234
251,7708271.0,86193.0,0.0,85194.0,0.0,0.0,999.0,202.0,0.0,0.0,5.0,0.0,86193.0,0.0,0.0,585.0,11.0,7.0,2.0,80.0,0.0,586024256.0,443592.0,0.0,0.0,443491.0,91.0,10.0,0.0,867.0,11.0,0.0,0.0,0.0,20.0,0.0,-73.3,31.0,46.0,-1234
252,7708271.0,86193.0,0.0,85194.0,0.0,0.0,999.0,202.0,0.0,0.0,5.0,0.0,86193.0,0.0,0.0,585.0,11.0,7.0,2.0,80.0,0.0,586024256.0,443592.0,0.0,0.0,443491.0,91.0,10.0,0.0,867.0,11.0,0.0,0.0,0.0,20.0,0.0,-73.3,31.0,46.0,-1234
253,7708271.0,86193.0,0.0,85194.0,0.0,0.0,999.0,202.0,0.0,0.0,5.0,0.0,86193.0,0.0,0.0,585.0,11.0,7.0,2.0,80.0,0.0,586024256.0,443592.0,0.0,0.0,443491.0,91.0,10.0,0.0,867.0,11.0,0.0,0.0,0.0,20.0,0.0,-73.3,31.0,46.0,-1234
254,7708271.0,86193.0,0.0,85194.0,0.0,0.0,999.0,202.0,0.0,0.0,5.0,0.0,86193.0,0.0,0.0,585.0,11.0,7.0,2.0,80.0,0.0,586024256.0,443592.0,0.0,0.0,443491.0,91.0,10.0,0.0,867.0,11.0,0.0,0.0,0.0,20.0,0.0,-73.5,31.0,46.0,-1234
255,7708271.0,86193.0,0.0,85194.0,0.0,0.0,999.0,202.0,0.0,0.0,5.0,0.0,86193.0,0.0,0.0,585.0,11.0,7.0,2.0,80.0,0.0,586024256.0,443592.0,0.0,0.0,443491.0,91.0,10.0,0.0,867.0,11.0,0.0,0.0,0.0,20.0,0.0,-73.5,31.0,46.0,-1234
256,7708413.0,86194.0,0.0,85194.0,0.0,0.0,1000.0,202.0,0.0,0.0,5.0,0.0,86194.0,0.0,0.0,585.0,11.0,7.0,2.0,80.0,0.0,586024298.0,443593.0,0.0,0.0,443492.0,91.0,10.0,0.0,867.0,11.0,0.0,9.0,2.0,80.0,0.0,-72.8,30.0,46.0,-1234
257,7708555.0,86195.0,0.0,85194.0,0.0,0.0,1001.0,202.0,0.0,0.0,5.0,0.0,86195.0,0.0,0.0,585.0,11.0,7.0,2.0,80.0,0.0,586024374.0,443594.0,0.0,0.0,443493.0,91.0,10.0,0.0,867.0,11.0,0.0,9.0,2.0,80.0,0.0,-72.8,30.0,46.0,-1234
258,7708555.0,86195.0,0.0,85194.0,0.0,0.0,1001.0,202.0,0.0,0.0,5.0,0.0,86195.0,0.0,0.0,702.0,11.0,8.0,2.0,80.0,0.0,586024450.0,443595.0,0.0,0.0,443494.0,91.0,10.0,0.0,867.0,11.0,0.0,9.0,2.0,80.0,0.0,-73.2,31.0,46.0,-1234
259,7708697.0,86196.0,0.0,85194.0,0.0,0.0,1002.0,202.0,0.0,0.0,5.0,0.0,86196.0,0.0,0.0,702.0,11.0,8.0,2.0,80.0,0.0,586024450.0,443595.0,0.0,0.0,443494.0,91.0,10.0,0.0,867.0,11.0,0.0,9.0,2.0,80.0,0.0,-73.2,31.0,46.0,-1234
260,7708984.0,86198.0,0.0,85194.0,0.0,0.0,1004.0,202.0,0.0,0.0,5.0,0.0,86198.0,0.0,0.0,585.0,11.0,7.0,2.0,80.0,0.0,586024605.0,443597.0,0.0,0.0,443496.0,91.0,10.0,0.0,867.0,11.0,0.0,9.0,2.0,80.0,0.0,-68.2,26.0,46.0,-1234
261,7708984.0,86198.0,0.0,85194.0,0.0,0.0,1004.0,202.0,0.0,0.0,5.0,0.0,86198.0,0.0,0.0,702.0,11.0,8.0,2.0,80.0,0.0,586024727.0,443599.0,0.0,0.0,443497.0,92.0,10.0,0.0,867.0,11.0,0.0,9.0,2.0,80.0,0.0,-68.2,26.0,46.0,-1234
262,7709126.0,86199.0,0.0,85194.0,0.0,0.0,1005.0,202.0,0.0,0.0,5.0,0.0,86199.0,0.0,0.0,702.0,11.0,8.0,2.0,80.0,0.0,586024727.0,443599.0,0.0,0.0,443497.0,92.0,10.0,0.0,867.0,11.0,0.0,9.0,2.0,80.0,0.0,-68.2,26.0,46.0,-1234
263,7709268.0,86200.0,0.0,85194.0,0.0,0.0,1006.0,202.0,0.0,0.0,5.0,0.0,86200.0,0.0,0.0,585.0,11.0,7.0,2.0,80.0,0.0,586024803.0,443600.0,0.0,0.0,443498.0,92.0,10.0,0.0,468.0,11.0,0.0,5.0,2.0,80.0,0.0,-68.2,26.0,46.0,-1234
264,7709268.0,86200.0,0.0,85194.0,0.0,0.0,1006.0,202.0,0.0,0.0,5.0,0.0,86200.0,0.0,0.0,702.0,11.0,8.0,2.0,80.0,0.0,586024879.0,443601.0,0.0,0.0,443499.0,92.0,10.0,0.0,867.0,11.0,0.0,9.0,2.0,80.0,0.0,-68.2,32.0,46.0,-1234
265,7709410.0,86201.0,0.0,85194.0,0.0,0.0,1007.0,202.0,0.0,0.0,5.0,0.0,86201.0,0.0,0.0,702.0,11.0,8.0,2.0,80.0,0.0,586024955.0,443602.0,0.0,0.0,443500.0,92.0,10.0,0.0,867.0,11.0,0.0,9.0,2.0,80.0,0.0,-68.2,31.0,46.0,-1234
266,7709410.0,86201.0,0.0,85194.0,0.0,0.0,1007.0,202.0,0.0,0.0,5.0,0.0,86201.0,0.0,0.0,702.0,11.0,8.0,2.0,80.0,0.0,586024955.0,443602.0,0.0,0.0,443500.0,92.0,10.0,0.0,867.0,11.0,0.0,9.0,2.0,80.0,0.0,-68.2,31.0,46.0,-1234
267,7709410.0,86201.0,0.0,85194.0,0.0,0.0,1007.0,202.0,0.0,0.0,5.0,0.0,86201.0,0.0,0.0,702.0,11.0,8.0,2.0,80.0,0.0,586024955.0,443602.0,0.0,0.0,443500.0,92.0,10.0,0.0,867.0,11.0,0.0,9.0,2.0,80.0,0.0,-68.2,31.0,46.0,-1234
268,7709410.0,86201.0,0.0,85194.0,0.0,0.0,1007.0,202.0,0.0,0.0,5.0,0.0,86201.0,0.0,0.0,702.0,11.0,8.0,2.0,80.0,0.0,586024955.0,443602.0,0.0,0.0,443500.0,92.0,10.0,0.0,867.0,11.0,0.0,9.0,2.0,80.0,0.0,-68.2,31.0,46.0,-1234
269,7709410.0,86201.0,0.0,85194.0,0.0,0.0,1007.0,202.0,0.0,0.0,5.0,0.0,86201.0,0.0,0.0,702.0,11.0,8.0,2.0,80.0,0.0,586024955.0,443602.0,0.0,0.0,443500.0,92.0,10.0,0.0,867.0,11.0,0.0,9.0,2.0,80.0,0.0,-68.2,31.0,46.0,-1234
270,7709410.0,86201.0,0.0,85194.0,0.0,0.0,1007.0,202.0,0.0,0.0,5.0,0.0,86201.0,0.0,0.0,702.0,11.0,8.0,2.0,80.0,0.0,586024955.0,443602.0,0.0,0.0,443500.0,92.0,10.0,0.0,867.0,11.0,0.0,9.0,2.0,80.0,0.0,-68.2,31.0,46.0,-1234
271,7709410.0,86201.0,0.0,85194.0,0.0,0.0,1007.0,202.0,0.0,0.0,5.0,0.0,86201.0,0.0,0.0,702.0,11.0,8.0,2.0,80.0,0.0,586024955.0,443602.0,0.0,0.0,443500.0,92.0,10.0,0.0,867.0,11.0,0.0,9.0,2.0,80.0,0.0,-68.2,31.0,46.0,-1234
272,7709410.0,86201.0,0.0,85194.0,0.0,0.0,1007.0,202.0,0.0,0.0,5.0,0.0,86201.0,0.0,0.0,702.0,11.0,8.0,2.0,80.0,0.0,586024997.0,443603.0,0.0,0.0,443501.0,92.0,10.0,0.0,867.0,11.0,0.0,9.0,2.0,80.0,0.0,-69.0,27.0,46.0,-1234
273,7709561.0,86202.0,0.0,85194.0,0.0,0.0,1008.0,202.0,0.0,0.0,5.0,0.0,86202.0,0.0,0.0,585.0,11.0,7.0,2.0,80.0,0.0,586025082.0,443604.0,0.0,0.0,443502.0,92.0,10.0,0.0,867.0,11.0,0.0,9.0,2.0,80.0,0.0,-69.0,27.0,46.0,-1234
274,7709712.0,86203.0,0.0,85194.0,0.0,0.0,1009.0,202.0,0.0,0.0,5.0,0.0,86203.0,0.0,0.0,702.0,11.0,8.0,2.0,80.0,0.0,586025167.0,443605.0,0.0,0.0,443503.0,92.0,10.0,0.0,867.0,11.0,0.0,9.0,2.0,80.0,0.0,-74.1,32.0,46.0,-1234
275,7709712.0,86203.0,0.0,85194.0,0.0,0.0,1009.0,202.0,0.0,0.0,5.0,0.0,86203.0,0.0,0.0,702.0,11.0,8.0,2.0,80.0,0.0,586025167.0,443605.0,0.0,0.0,443503.0,92.0,10.0,0.0,867.0,11.0,0.0,9.0,2.0,80.0,0.0,-74.1,32.0,46.0,-1234
276,7709863.0,86204.0,0.0,85194.0,0.0,0.0,1010.0,202.0,0.0,0.0,5.0,0.0,86204.0,0.0,0.0,585.0,11.0,7.0,2.0,80.0,0.0,586025252.0,443606.0,0.0,0.0,443504.0,92.0,10.0,0.0,867.0,11.0,0.0,9.0,2.0,80.0,0.0,-69.3,27.0,46.0,-1234
277,7710014.0,86205.0,0.0,85194.0,0.0,0.0,1011.0,202.0,0.0,0.0,5.0,0.0,86205.0,0.0,0.0,702.0,11.0,8.0,2.0,80.0,0.0,586025337.0,443607.0,0.0,0.0,443505.0,92.0,10.0,0.0,867.0,11.0,0.0,9.0,2.0,80.0,0.0,-69.3,27.0,46.0,-1234
278,7710165.0,86206.0,0.0,85194.0,0.0,0.0,1012.0,202.0,0.0,0.0,5.0,0.0,86206.0,0.0,0.0,702.0,11.0,8.0,2.0,80.0,0.0,586025337.0,443607.0,0.0,0.0,443505.0,92.0,10.0,0.0,867.0,11.0,0.0,9.0,2.0,80.0,0.0,-69.3,27.0,46.0,-1234
279,7710316.0,86207.0,0.0,85194.0,0.0,0.0,1013.0,202.0,0.0,0.0,5.0,0.0,86207.0,0.0,0.0,702.0,11.0,8.0,2.0,80.0,0.0,586025422.0,443608.0,0.0,0.0,443506.0,92.0,10.0,0.0,867.0,11.0,0.0,9.0,2.0,80.0,0.0,-70.1,27.0,46.0,-1234
280,7710316.0,86207.0,0.0,85194.0,0.0,0.0,1013.0,202.0,0.0,0.0,5.0,0.0,86207.0,0.0,0.0,702.0,11.0,8.0,2.0,80.0,0.0,586025507.0,443609.0,0.0,0.0,443507.0,92.0,10.0,0.0,867.0,11.0,0.0,9.0,2.0,80.0,0.0,-71.7,29.0,46.0,-1234
281,7710467.0,86208.0,0.0,85194.0,0.0,0.0,1014.0,202.0,0.0,0.0,5.0,0.0,86208.0,0.0,0.0,702.0,11.0,8.0,2.0,80.0,0.0,586025507.0,443609.0,0.0,0.0,443507.0,92.0,10.0,0.0,867.0,11.0,0.0,9.0,2.0,80.0,0.0,-71.7,29.0,46.0,-1234
282,7710743.0,86210.0,0.0,85196.0,0.0,0.0,1014.0,202.0,0.0,0.0,5.0,0.0,86210.0,0.0,0.0,702.0,11.0,8.0,2.0,80.0,0.0,586025592.0,443610.0,0.0,0.0,443508.0,92.0,10.0,0.0,867.0,11.0,0.0,9.0,2.0,80.0,0.0,-72.8,30.0,46.0,-1234
283,7710743.0,86210.0,0.0,85196.0,0.0,0.0,1014.0,202.0,0.0,0.0,5.0,0.0,86210.0,0.0,0.0,702.0,11.0,8.0,2.0,80.0,0.0,586025760.0,443612.0,0.0,0.0,443510.0,92.0,10.0,0.0,867.0,11.0,0.0,9.0,2.0,80.0,0.0,-70.8,30.0,46.0,-1234
284,7710743.0,86210.0,0.0,85196.0,0.0,0.0,1014.0,202.0,0.0,0.0,5.0,0.0,86210.0,0.0,0.0,702.0,11.0,8.0,2.0,80.0,0.0,586025760.0,443612.0,0.0,0.0,443510.0,92.0,10.0,0.0,867.0,11.0,0.0,9.0,2.0,80.0,0.0,-70.8,30.0,46.0,-1234
285,7710894.0,86211.0,0.0,85196.0,0.0,0.0,1015.0,202.0,0.0,0.0,5.0,0.0,86211.0,0.0,0.0,702.0,11.0,8.0,2.0,80.0,0.0,586025760.0,443612.0,0.0,0.0,443510.0,92.0,10.0,0.0,867.0,11.0,0.0,9.0,2.0,80.0,0.0,-70.8,30.0,46.0,-1234
286,7710894.0,86211.0,0.0,85196.0,0.0,0.0,1015.0,202.0,0.0,0.0,5.0,0.0,86211.0,0.0,0.0,702.0,11.0,8.0,2.0,80.0,0.0,586025845.0,443613.0,0.0,0.0,443511.0,92.0,10.0,0.0,867.0,11.0,0.0,9.0,2.0,80.0,0.0,-69.5,28.0,46.0,-1234
287,7710894.0,86211.0,0.0,85196.0,0.0,0.0,1015.0,202.0,0.0,0.0,5.0,0.0,86211.0,0.0,0.0,702.0,11.0,8.0,2.0,80.0,0.0,586025845.0,443613.0,0.0,0.0,443511.0,92.0,10.0,0.0,867.0,11.0,0.0,9.0,2.0,80.0,0.0,-69.5,28.0,46.0,-1234
288,7710894.0,86211.0,0.0,85196.0,0.0,0.0,1015.0,202.0,0.0,0.0,5.0,0.0,86211.0,0.0,0.0,702.0,11.0,8.0,2.0,80.0,0.0,586025845.0,443613.0,0.0,0.0,443511.0,92.0,10.0,0.0,867.0,11.0,0.0,9.0,2.0,80.0,0.0,-69.5,28.0,46.0,-1234
289,7711039.0,86212.0,0.0,85196.0,0.0,0.0,1016.0,202.0,0.0,0.0,5.0,0.0,86212.0,0.0,0.0,702.0,11.0,8.0,2.0,80.0,0.0,586025845.0,443613.0,0.0,0.0,443511.0,92.0,10.0,0.0,867.0,11.0,0.0,9.0,2.0,80.0,0.0,-69.5,28.0,46.0,-1234
290,7711039.0,86212.0,0.0,85196.0,0.0,0.0,1016.0,202.0,0.0,0.0,5.0,0.0,86212.0,0.0,0.0,702.0,11.0,8.0,2.0,80.0,0.0,586025924.0,443614.0,0.0,0.0,443512.0,92.0,10.0,0.0,867.0,11.0,0.0,0.0,0.0,20.0,0.0,-74.9,29.0,46.0,-1234
291,7711039.0,86212.0,0.0,85196.0,0.0,0.0,1016.0,202.0,0.0,0.0,5.0,0.0,86212.0,0.0,0.0,702.0,11.0,8.0,2.0,80.0,0.0,586025924.0,443614.0,0.0,0.0,443512.0,92.0,10.0,0.0,867.0,11.0,0.0,0.0,0.0,20.0,0.0,-74.9,29.0,46.0,-1234
292,7711179.0,86213.0,0.0,85196.0,0.0,0.0,1017.0,202.0,0.0,0.0,5.0,0.0,86213.0,0.0,0.0,780.0,11.0,9.0,2.0,80.0,0.0,586025998.0,443615.0,0.0,0.0,443513.0,92.0,10.0,0.0,867.0,11.0,0.0,9.0,2.0,80.0,0.0,-74.9,29.0,46.0,-1234
293,7711319.0,86214.0,0.0,85196.0,0.0,0.0,1018.0,202.0,0.0,0.0,5.0,0.0,86214.0,0.0,0.0,702.0,11.0,8.0,2.0,80.0,0.0,586026072.0,443616.0,0.0,0.0,443514.0,92.0,10.0,0.0,867.0,11.0,0.0,9.0,2.0,80.0,0.0,-71.5,26.0,46.0,-1234
294,7711595.0,86216.0,0.0,85198.0,0.0,0.0,1018.0,202.0,0.0,0.0,5.0,0.0,86216.0,0.0,0.0,702.0,11.0,8.0,2.0,80.0,0.0,586026240.0,443618.0,0.0,0.0,443516.0,92.0,10.0,0.0,867.0,11.0,0.0,9.0,2.0,80.0,0.0,-59.9,26.0,46.0,-1234
295,7711735.0,86217.0,0.0,85198.0,0.0,0.0,1019.0,202.0,0.0,0.0,5.0,0.0,86217.0,0.0,0.0,702.0,11.0,8.0,2.0,80.0,0.0,586026314.0,443619.0,0.0,0.0,443517.0,92.0,10.0,0.0,867.0,11.0,0.0,9.0,2.0,80.0,0.0,-59.1,25.0,46.0,-1234
296,7711875.0,86218.0,0.0,85198.0,0.0,0.0,1020.0,202.0,0.0,0.0,5.0,0.0,86218.0,0.0,0.0,702.0,11.0,8.0,2.0,80.0,0.0,586026388.0,443620.0,0.0,0.0,443518.0,92.0,10.0,0.0,867.0,11.0,0.0,9.0,2.0,80.0,0.0,-63.5,25.0,46.0,-1234
297,7711875.0,86218.0,0.0,85198.0,0.0,0.0,1020.0,202.0,0.0,0.0,5.0,0.0,86218.0,0.0,0.0,702.0,11.0,8.0,2.0,80.0,0.0,586026388.0,443620.0,0.0,0.0,443518.0,92.0,10.0,0.0,867.0,11.0,0.0,9.0,2.0,80.0,0.0,-63.5,25.0,46.0,-1234
298,7712155.0,86220.0,0.0,85198.0,0.0,0.0,1022.0,202.0,0.0,0.0,5.0,0.0,86220.0,0.0,0.0,702.0,11.0,8.0,2.0,80.0,0.0,586026536.0,443622.0,0.0,0.0,443520.0,92.0,10.0,0.0,867.0,11.0,0.0,9.0,2.0,80.0,0.0,-67.4,25.0,46.0,-1234
299,7712295.0,86221.0,0.0,85198.0,0.0,0.0,1023.0,202.0,0.0,0.0,5.0,0.0,86221.0,0.0,0.0,702.0,11.0,8.0,2.0,80.0,0.0,586026536.0,443622.0,0.0,0.0,443520.0,92.0,10.0,0.0,867.0,11.0,0.0,9.0,2.0,80.0,0.0,-67.4,25.0,46.0,-1234
300,7712446.0,86222.0,0.0,85198.0,0.0,0.0,1024.0,202.0,0.0,0.0,5.0,0.0,86222.0,0.0,0.0,702.0,11.0,8.0,2.0,80.0,0.0,586026610.0,443623.0,0.0,0.0,443521.0,92.0,10.0,0.0,867.0,11.0,0.0,9.0,2.0,80.0,0.0,-68.2,26.0,46.0,-1234
301,7712597.0,86223.0,0.0,85198.0,0.0,0.0,1025.0,202.0,0.0,0.0,5.0,0.0,86223.0,0.0,0.0,702.0,11.0,8.0,2.0,80.0,0.0,586026695.0,443624.0,0.0,0.0,443522.0,92.0,10.0,0.0,867.0,11.0,0.0,9.0,2.0,80.0,0.0,-69.8,26.0,46.0,-1234
302,7712597.0,86223.0,0.0,85198.0,0.0,0.0,1025.0,202.0,0.0,0.0,5.0,0.0,86223.0,0.0,0.0,702.0,11.0,8.0,2.0,80.0,0.0,586026780.0,443625.0,0.0,0.0,443523.0,92.0,10.0,0.0,867.0,11.0,0.0,9.0,2.0,80.0,0.0,-73.9,30.0,46.0,-1234
303,7712748.0,86224.0,0.0,85198.0,0.0,0.0,1026.0,202.0,0.0,0.0,5.0,0.0,86224.0,0.0,0.0,702.0,11.0,8.0,2.0,80.0,0.0,586026780.0,443625.0,0.0,0.0,443523.0,92.0,10.0,0.0,867.0,11.0,0.0,9.0,2.0,80.0,0.0,-73.9,30.0,46.0,-1234
304,7712899.0,86225.0,0.0,85198.0,0.0,0.0,1027.0,202.0,0.0,0.0,5.0,0.0,86225.0,0.0,0.0,702.0,11.0,8.0,2.0,80.0,0.0,586026865.0,443626.0,0.0,0.0,443524.0,92.0,10.0,0.0,867.0,11.0,0.0,9.0,2.0,80.0,0.0,-74.9,31.0,46.0,-1234
305,7712899.0,86225.0,0.0,85198.0,0.0,0.0,1027.0,202.0,0.0,0.0,5.0,0.0,86225.0,0.0,0.0,702.0,11.0,8.0,2.0,80.0,0.0,586026950.0,443627.0,0.0,0.0,443525.0,92.0,10.0,0.0,867.0,11.0,0.0,9.0,2.0,80.0,0.0,-75.1,31.0,46.0,-1234
306,7713050.0,86226.0,0.0,85198.0,0.0,0.0,1028.0,202.0,0.0,0.0,5.0,0.0,86226.0,0.0,0.0,702.0,11.0,8.0,2.0,80.0,0.0,586026950.0,443627.0,0.0,0.0,443525.0,92.0,10.0,0.0,867.0,11.0,0.0,9.0,2.0,80.0,0.0,-75.1,31.0,46.0,-1234
307,7713201.0,86227.0,0.0,85198.0,0.0,0.0,1029.0,202.0,0.0,0.0,5.0,0.0,86227.0,0.0,0.0,702.0,11.0,8.0,2.0,80.0,0.0,586027035.0,443628.0,0.0,0.0,443526.0,92.0,10.0,0.0,867.0,11.0,0.0,9.0,2.0,80.0,0.0,-77.5,31.0,46.0,-1234
308,7713201.0,86227.0,0.0,85198.0,0.0,0.0,1029.0,202.0,0.0,0.0,5.0,0.0,86227.0,0.0,0.0,702.0,11.0,8.0,2.0,80.0,0.0,586027120.0,443629.0,0.0,0.0,443527.0,92.0,10.0,0.0,867.0,11.0,0.0,9.0,2.0,80.0,0.0,-77.7,32.0,46.0,-1234
309,7713352.0,86228.0,0.0,85198.0,0.0,0.0,1030.0,202.0,0.0,0.0,5.0,0.0,86228.0,0.0,0.0,780.0,11.0,9.0,2.0,80.0,0.0,586027205.0,443630.0,0.0,0.0,443528.0,92.0,10.0,0.0,867.0,11.0,0.0,9.0,2.0,80.0,0.0,-76.3,30.0,46.0,-1234
310,7713352.0,86228.0,0.0,85198.0,0.0,0.0,1030.0,202.0,0.0,0.0,5.0,0.0,86228.0,0.0,0.0,780.0,11.0,9.0,2.0,80.0,0.0,586027247.0,443631.0,0.0,0.0,443529.0,92.0,10.0,0.0,867.0,11.0,0.0,9.0,2.0,80.0,0.0,-77.9,30.0,46.0,-1234
311,7713352.0,86228.0,0.0,85198.0,0.0,0.0,1030.0,202.0,0.0,0.0,5.0,0.0,86228.0,0.0,0.0,780.0,11.0,9.0,2.0,80.0,0.0,586027247.0,443631.0,0.0,0.0,443529.0,92.0,10.0,0.0,867.0,11.0,0.0,9.0,2.0,80.0,0.0,-77.9,30.0,46.0,-1234
312,7713352.0,86228.0,0.0,85198.0,0.0,0.0,1030.0,202.0,0.0,0.0,5.0,0.0,86228.0,0.0,0.0,780.0,11.0,9.0,2.0,80.0,0.0,586027247.0,443631.0,0.0,0.0,443529.0,92.0,10.0,0.0,867.0,11.0,0.0,9.0,2.0,80.0,0.0,-77.9,30.0,46.0,-1234
313,7713503.0,86229.0,0.0,85198.0,0.0,0.0,1031.0,202.0,0.0,0.0,5.0,0.0,86229.0,0.0,0.0,780.0,11.0,9.0,2.0,80.0,0.0,586027332.0,443632.0,0.0,0.0,443530.0,92.0,10.0,0.0,468.0,11.0,0.0,5.0,2.0,80.0,0.0,-77.9,30.0,46.0,-1234
314,7713503.0,86229.0,0.0,85198.0,0.0,0.0,1031.0,202.0,0.0,0.0,5.0,0.0,86229.0,0.0,0.0,780.0,11.0,9.0,2.0,80.0,0.0,586027332.0,443632.0,0.0,0.0,443530.0,92.0,10.0,0.0,468.0,11.0,0.0,5.0,2.0,80.0,0.0,-77.9,30.0,46.0,-1234
315,7713503.0,86229.0,0.0,85198.0,0.0,0.0,1031.0,202.0,0.0,0.0,5.0,0.0,86229.0,0.0,0.0,780.0,11.0,9.0,2.0,80.0,0.0,586027378.0,443633.0,0.0,0.0,443530.0,93.0,10.0,0.0,867.0,11.0,0.0,9.0,2.0,80.0,0.0,-77.9,30.0,46.0,-1234
316,7713503.0,86229.0,0.0,85198.0,0.0,0.0,1031.0,202.0,0.0,0.0,5.0,0.0,86229.0,0.0,0.0,780.0,11.0,9.0,2.0,80.0,0.0,586027378.0,443633.0,0.0,0.0,443530.0,93.0,10.0,0.0,867.0,11.0,0.0,9.0,2.0,80.0,1.0,-77.9,30.0,46.0,-1234
317,7713503.0,86229.0,0.0,85198.0,0.0,0.0,1031.0,202.0,0.0,0.0,5.0,0.0,86229.0,0.0,0.0,780.0,11.0,9.0,2.0,80.0,0.0,586028066.0,443635.0,0.0,0.0,443530.0,95.0,10.0,0.0,867.0,11.0,0.0,9.0,2.0,80.0,0.0,-78.2,30.0,46.0,-1234
318,7713503.0,86229.0,0.0,85198.0,0.0,0.0,1031.0,202.0,0.0,0.0,5.0,0.0,86229.0,0.0,0.0,780.0,11.0,9.0,2.0,80.0,0.0,586028066.0,443635.0,0.0,0.0,443530.0,95.0,10.0,0.0,867.0,11.0,0.0,9.0,2.0,80.0,0.0,-78.2,30.0,46.0,-1234
319,7713503.0,86229.0,0.0,85198.0,0.0,0.0,1031.0,202.0,0.0,0.0,5.0,0.0,86229.0,0.0,0.0,780.0,11.0,9.0,2.0,80.0,0.0,586028066.0,443635.0,0.0,0.0,443530.0,95.0,10.0,0.0,867.0,11.0,0.0,9.0,2.0,80.0,0.0,-78.2,30.0,46.0,-1234
320,7713503.0,86229.0,0.0,85198.0,0.0,0.0,1031.0,202.0,0.0,0.0,5.0,0.0,86229.0,0.0,0.0,780.0,11.0,9.0,2.0,80.0,0.0,586028066.0,443635.0,0.0,0.0,443530.0,95.0,10.0,0.0,867.0,11.0,0.0,9.0,2.0,80.0,0.0,-78.2,30.0,46.0,-1234
321,7713503.0,86229.0,0.0,85198.0,0.0,0.0,1031.0,202.0,0.0,0.0,5.0,0.0,86229.0,0.0,0.0,780.0,11.0,9.0,2.0,80.0,0.0,586028066.0,443635.0,0.0,0.0,443530.0,95.0,10.0,0.0,867.0,11.0,0.0,9.0,2.0,80.0,0.0,-78.2,30.0,46.0,-1234
322,7713503.0,86229.0,0.0,85198.0,0.0,0.0,1031.0,202.0,0.0,0.0,5.0,0.0,86229.0,0.0,0.0,780.0,11.0,9.0,2.0,80.0,0.0,586028066.0,443635.0,0.0,0.0,443530.0,95.0,10.0,0.0,867.0,11.0,0.0,9.0,2.0,80.0,0.0,-78.2,30.0,46.0,-1234
323,7713503.0,86229.0,0.0,85198.0,0.0,0.0,1031.0,202.0,0.0,0.0,5.0,0.0,86229.0,0.0,0.0,780.0,11.0,9.0,2.0,80.0,0.0,586028066.0,443635.0,0.0,0.0,443530.0,95.0,10.0,0.0,867.0,11.0,0.0,9.0,2.0,80.0,0.0,-78.2,30.0,46.0,-1234
324,7713503.0,86229.0,0.0,85198.0,0.0,0.0,1031.0,202.0,0.0,0.0,5.0,0.0,86229.0,0.0,0.0,780.0,11.0,9.0,2.0,80.0,0.0,586028066.0,443635.0,0.0,0.0,443530.0,95.0,10.0,0.0,867.0,11.0,0.0,9.0,2.0,80.0,0.0,-78.2,30.0,46.0,-1234
325,7713503.0,86229.0,0.0,85198.0,0.0,0.0,1031.0,202.0,0.0,0.0,5.0,0.0,86229.0,0.0,0.0,780.0,11.0,9.0,2.0,80.0,0.0,586028066.0,443635.0,0.0,0.0,443530.0,95.0,10.0,0.0,867.0,11.0,0.0,9.0,2.0,80.0,0.0,-78.2,30.0,46.0,-1234
326,7713503.0,86229.0,0.0,85198.0,0.0,0.0,1031.0,202.0,0.0,0.0,5.0,0.0,86229.0,0.0,0.0,780.0,11.0,9.0,2.0,80.0,0.0,586028066.0,443635.0,0.0,0.0,443530.0,95.0,10.0,0.0,867.0,11.0,0.0,9.0,2.0,80.0,0.0,-78.2,30.0,46.0,-1234
327,7713503.0,86229.0,0.0,85198.0,0.0,0.0,1031.0,202.0,0.0,0.0,5.0,0.0,86229.0,0.0,0.0,780.0,11.0,9.0,2.0,80.0,0.0,586028108.0,443636.0,0.0,0.0,443531.0,95.0,10.0,0.0,867.0,11.0,0.0,9.0,2.0,80.0,0.0,-76.0,28.0,46.0,-1234
328,7713503.0,86229.0,0.0,85198.0,0.0,0.0,1031.0,202.0,0.0,0.0,5.0,0.0,86229.0,0.0,0.0,780.0,11.0,9.0,2.0,80.0,0.0,586028108.0,443636.0,0.0,0.0,443531.0,95.0,10.0,0.0,867.0,11.0,0.0,9.0,2.0,80.0,0.0,-76.0,28.0,46.0,-1234
329,7713503.0,86229.0,0.0,85198.0,0.0,0.0,1031.0,202.0,0.0,0.0,5.0,0.0,86229.0,0.0,0.0,780.0,11.0,9.0,2.0,80.0,0.0,586028108.0,443636.0,0.0,0.0,443531.0,95.0,10.0,0.0,867.0,11.0,0.0,9.0,2.0,80.0,0.0,-76.0,28.0,46.0,-1234
330,7713503.0,86229.0,0.0,85198.0,0.0,0.0,1031.0,202.0,0.0,0.0,5.0,0.0,86229.0,0.0,0.0,780.0,11.0,9.0,2.0,80.0,0.0,586028108.0,443636.0,0.0,0.0,443531.0,95.0,10.0,0.0,867.0,11.0,0.0,9.0,2.0,80.0,0.0,-76.0,28.0,46.0,-1234
331,7713503.0,86229.0,0.0,85198.0,0.0,0.0,1031.0,202.0,0.0,0.0,5.0,0.0,86229.0,0.0,0.0,780.0,11.0,9.0,2.0,80.0,0.0,586028108.0,443636.0,0.0,0.0,443531.0,95.0,10.0,0.0,867.0,11.0,0.0,9.0,2.0,80.0,0.0,-76.0,28.0,46.0,-1234
332,7713503.0,86229.0,0.0,85198.0,0.0,0.0,1031.0,202.0,0.0,0.0,5.0,0.0,86229.0,0.0,0.0,780.0,11.0,9.0,2.0,80.0,0.0,586028108.0,443636.0,0.0,0.0,443531.0,95.0,10.0,0.0,867.0,11.0,0.0,9.0,2.0,80.0,0.0,-76.0,28.0,46.0,-1234
333,7713503.0,86229.0,0.0,85198.0,0.0,0.0,1031.0,202.0,0.0,0.0,5.0,0.0,86229.0,0.0,0.0,780.0,11.0,9.0,2.0,80.0,0.0,586028108.0,443636.0,0.0,0.0,443531.0,95.0,10.0,0.0,867.0,11.0,0.0,9.0,2.0,80.0,0.0,-76.0,28.0,46.0,-1234
334,7713503.0,86229.0,0.0,85198.0,0.0,0.0,1031.0,202.0,0.0,0.0,5.0,0.0,86229.0,0.0,0.0,780.0,11.0,9.0,2.0,80.0,0.0,586028108.0,443636.0,0.0,0.0,443531.0,95.0,10.0,0.0,867.0,11.0,0.0,9.0,2.0,80.0,0.0,-76.0,28.0,46.0,-1234
335,7713503.0,86229.0,0.0,85198.0,0.0,0.0,1031.0,202.0,0.0,0.0,5.0,0.0,86229.0,0.0,0.0,780.0,11.0,9.0,2.0,80.0,0.0,586028108.0,443636.0,0.0,0.0,443531.0,95.0,10.0,0.0,867.0,11.0,0.0,9.0,2.0,80.0,0.0,-76.0,28.0,46.0,-1234
336,7713503.0,86229.0,0.0,85198.0,0.0,0.0,1031.0,202.0,0.0,0.0,5.0,0.0,86229.0,0.0,0.0,780.0,11.0,9.0,2.0,80.0,0.0,586028108.0,443636.0,0.0,0.0,443531.0,95.0,10.0,0.0,867.0,11.0,0.0,9.0,2.0,80.0,0.0,-76.0,28.0,46.0,-1234
337,7713503.0,86229.0,0.0,85198.0,0.0,0.0,1031.0,202.0,0.0,0.0,5.0,0.0,86229.0,0.0,0.0,780.0,11.0,9.0,2.0,80.0,0.0,586028108.0,443636.0,0.0,0.0,443531.0,95.0,10.0,0.0,867.0,11.0,0.0,9.0,2.0,80.0,0.0,-76.0,28.0,46.0,-1234
338,7713503.0,86229.0,0.0,85198.0,0.0,0.0,1031.0,202.0,0.0,0.0,5.0,0.0,86229.0,0.0,0.0,780.0,11.0,9.0,2.0,80.0,0.0,586028108.0,443636.0,0.0,0.0,443531.0,95.0,10.0,0.0,867.0,11.0,0.0,9.0,2.0,80.0,0.0,-76.0,28.0,46.0,-1234
339,7713503.0,86229.0,0.0,85198.0,0.0,0.0,1031.0,202.0,0.0,0.0,5.0,0.0,86229.0,0.0,0.0,780.0,11.0,9.0,2.0,80.0,0.0,586028108.0,443636.0,0.0,0.0,443531.0,95.0,10.0,0.0,867.0,11.0,0.0,9.0,2.0,80.0,0.0,-76.0,28.0,46.0,-1234
340,7713503.0,86229.0,0.0,85198.0,0.0,0.0,1031.0,202.0,0.0,0.0,5.0,0.0,86229.0,0.0,0.0,780.0,11.0,9.0,2.0,80.0,0.0,586028108.0,443636.0,0.0,0.0,443531.0,95.0,10.0,0.0,867.0,11.0,0.0,9.0,2.0,80.0,0.0,-76.0,28.0,46.0,-1234
341,7713503.0,86229.0,0.0,85198.0,0.0,0.0,1031.0,202.0,0.0,0.0,5.0,0.0,86229.0,0.0,0.0,780.0,11.0,9.0,2.0,80.0,0.0,586028108.0,443636.0,0.0,0.0,443531.0,95.0,10.0,0.0,867.0,11.0,0.0,9.0,2.0,80.0,0.0,-76.0,28.0,46.0,-1234
342,7713503.0,86229.0,0.0,85198.0,0.0,0.0,1031.0,202.0,0.0,0.0,5.0,0.0,86229.0,0.0,0.0,780.0,11.0,9.0,2.0,80.0,0.0,586028108.0,443636.0,0.0,0.0,443531.0,95.0,10.0,0.0,867.0,11.0,0.0,9.0,2.0,80.0,0.0,-76.0,28.0,46.0,-1234
343,7713503.0,86229.0,0.0,85198.0,0.0,0.0,1031.0,202.0,0.0,0.0,5.0,0.0,86229.0,0.0,0.0,780.0,11.0,9.0,2.0,80.0,0.0,586028108.0,443636.0,0.0,0.0,443531.0,95.0,10.0,0.0,867.0,11.0,0.0,9.0,2.0,80.0,0.0,-76.0,28.0,46.0,-1234
344,7713503.0,86229.0,0.0,85198.0,0.0,0.0,1031.0,202.0,0.0,0.0,5.0,0.0,86229.0,0.0,0.0,780.0,11.0,9.0,2.0,80.0,0.0,586028150.0,443637.0,0.0,0.0,443532.0,95.0,10.0,0.0,867.0,11.0,0.0,9.0,2.0,80.0,0.0,-76.0,23.0,46.0,-1234
345,7713503.0,86229.0,0.0,85198.0,0.0,0.0,1031.0,202.0,0.0,0.0,5.0,0.0,86229.0,0.0,0.0,780.0,11.0,9.0,2.0,80.0,0.0,586028150.0,443637.0,0.0,0.0,443532.0,95.0,10.0,0.0,867.0,11.0,0.0,9.0,2.0,80.0,0.0,-76.0,23.0,46.0,-1234
346,7713503.0,86229.0,0.0,85198.0,0.0,0.0,1031.0,202.0,0.0,0.0,5.0,0.0,86229.0,0.0,0.0,780.0,11.0,9.0,2.0,80.0,0.0,586028150.0,443637.0,0.0,0.0,443532.0,95.0,10.0,0.0,867.0,11.0,0.0,9.0,2.0,80.0,0.0,-76.0,23.0,46.0,-1234
347,7713503.0,86229.0,0.0,85198.0,0.0,0.0,1031.0,202.0,0.0,0.0,5.0,0.0,86229.0,0.0,0.0,780.0,11.0,9.0,2.0,80.0,0.0,586028150.0,443637.0,0.0,0.0,443532.0,95.0,10.0,0.0,867.0,11.0,0.0,9.0,2.0,80.0,0.0,-76.0,23.0,46.0,-1234
348,7713503.0,86229.0,0.0,85198.0,0.0,0.0,1031.0,202.0,0.0,0.0,5.0,0.0,86229.0,0.0,0.0,780.0,11.0,9.0,2.0,80.0,0.0,586028150.0,443637.0,0.0,0.0,443532.0,95.0,10.0,0.0,867.0,11.0,0.0,9.0,2.0,80.0,0.0,-76.0,23.0,46.0,-1234
349,7713648.0,86230.0,0.0,85198.0,0.0,0.0,1032.0,202.0,0.0,0.0,5.0,0.0,86230.0,0.0,0.0,780.0,11.0,9.0,2.0,80.0,0.0,586028150.0,443637.0,0.0,0.0,443532.0,95.0,10.0,0.0,867.0,11.0,0.0,9.0,2.0,80.0,0.0,-76.0,23.0,46.0,-1234
350,7713648.0,86230.0,0.0,85198.0,0.0,0.0,1032.0,202.0,0.0,0.0,5.0,0.0,86230.0,0.0,0.0,780.0,11.0,9.0,2.0,80.0,0.0,586028229.0,443638.0,0.0,0.0,443533.0,95.0,10.0,0.0,867.0,11.0,0.0,9.0,2.0,80.0,0.0,-77.2,29.0,46.0,-1234
351,7713648.0,86230.0,0.0,85198.0,0.0,0.0,1032.0,202.0,0.0,0.0,5.0,0.0,86230.0,0.0,0.0,780.0,11.0,9.0,2.0,80.0,0.0,586028229.0,443638.0,0.0,0.0,443533.0,95.0,10.0,0.0,867.0,11.0,0.0,0.0,0.0,20.0,0.0,-77.5,29.0,46.0,-1234
352,7713648.0,86230.0,0.0,85198.0,0.0,0.0,1032.0,202.0,0.0,0.0,5.0,0.0,86230.0,0.0,0.0,780.0,11.0,9.0,2.0,80.0,0.0,586028229.0,443638.0,0.0,0.0,443533.0,95.0,10.0,0.0,867.0,11.0,0.0,0.0,0.0,20.0,0.0,-77.5,29.0,46.0,-1234
353,7713648.0,86230.0,0.0,85198.0,0.0,0.0,1032.0,202.0,0.0,0.0,5.0,0.0,86230.0,0.0,0.0,780.0,11.0,9.0,2.0,80.0,0.0,586028229.0,443638.0,0.0,0.0,443533.0,95.0,10.0,0.0,867.0,11.0,0.0,0.0,0.0,20.0,0.0,-77.5,29.0,46.0,-1234
354,7713648.0,86230.0,0.0,85198.0,0.0,0.0,1032.0,202.0,0.0,0.0,5.0,0.0,86230.0,0.0,0.0,780.0,11.0,9.0,2.0,80.0,0.0,586028229.0,443638.0,0.0,0.0,443533.0,95.0,10.0,0.0,867.0,11.0,0.0,0.0,0.0,20.0,0.0,-77.5,29.0,46.0,-1234
355,7713648.0,86230.0,0.0,85198.0,0.0,0.0,1032.0,202.0,0.0,0.0,5.0,0.0,86230.0,0.0,0.0,780.0,11.0,9.0,2.0,80.0,0.0,586028229.0,443638.0,0.0,0.0,443533.0,95.0,10.0,0.0,867.0,11.0,0.0,0.0,0.0,20.0,0.0,-77.5,29.0,46.0,-1234
356,7713648.0,86230.0,0.0,85198.0,0.0,0.0,1032.0,202.0,0.0,0.0,5.0,0.0,86230.0,0.0,0.0,780.0,11.0,9.0,2.0,80.0,0.0,586028229.0,443638.0,0.0,0.0,443533.0,95.0,10.0,0.0,867.0,11.0,0.0,0.0,0.0,20.0,0.0,-77.5,29.0,46.0,-1234
357,7713648.0,86230.0,0.0,85198.0,0.0,0.0,1032.0,202.0,0.0,0.0,5.0,0.0,86230.0,0.0,0.0,780.0,11.0,9.0,2.0,80.0,0.0,586028229.0,443638.0,0.0,0.0,443533.0,95.0,10.0,0.0,867.0,11.0,0.0,0.0,0.0,20.0,0.0,-77.5,29.0,46.0,-1234
358,7713648.0,86230.0,0.0,85198.0,0.0,0.0,1032.0,202.0,0.0,0.0,5.0,0.0,86230.0,0.0,0.0,780.0,11.0,9.0,2.0,80.0,0.0,586028229.0,443638.0,0.0,0.0,443533.0,95.0,10.0,0.0,867.0,11.0,0.0,0.0,0.0,20.0,0.0,-77.5,29.0,46.0,-1234
359,7713648.0,86230.0,0.0,85198.0,0.0,0.0,1032.0,202.0,0.0,0.0,5.0,0.0,86230.0,0.0,0.0,780.0,11.0,9.0,2.0,80.0,0.0,586028229.0,443638.0,0.0,0.0,443533.0,95.0,10.0,0.0,867.0,11.0,0.0,0.0,0.0,20.0,0.0,-77.5,29.0,46.0,-1234
360,7713648.0,86230.0,0.0,85198.0,0.0,0.0,1032.0,202.0,0.0,0.0,5.0,0.0,86230.0,0.0,0.0,780.0,11.0,9.0,2.0,80.0,0.0,586028229.0,443638.0,0.0,0.0,443533.0,95.0,10.0,0.0,867.0,11.0,0.0,0.0,0.0,20.0,0.0,-77.5,29.0,46.0,-1234
361,7713648.0,86230.0,0.0,85198.0,0.0,0.0,1032.0,202.0,0.0,0.0,5.0,0.0,86230.0,0.0,0.0,780.0,11.0,9.0,2.0,80.0,0.0,586028229.0,443638.0,0.0,0.0,443533.0,95.0,10.0,0.0,867.0,11.0,0.0,0.0,0.0,20.0,0.0,-77.5,29.0,46.0,-1234
362,7713648.0,86230.0,0.0,85198.0,0.0,0.0,1032.0,202.0,0.0,0.0,5.0,0.0,86230.0,0.0,0.0,780.0,11.0,9.0,2.0,80.0,0.0,586028229.0,443638.0,0.0,0.0,443533.0,95.0,10.0,0.0,867.0,11.0,0.0,0.0,0.0,20.0,0.0,-77.5,29.0,46.0,-1234
363,7713793.0,86231.0,0.0,85198.0,0.0,0.0,1033.0,202.0,0.0,0.0,5.0,0.0,86231.0,0.0,0.0,780.0,11.0,9.0,2.0,80.0,0.0,586028229.0,443638.0,0.0,0.0,443533.0,95.0,10.0,0.0,867.0,11.0,0.0,0.0,0.0,20.0,0.0,-77.5,29.0,46.0,-1234
364,7713938.0,86232.0,0.0,85198.0,0.0,0.0,1034.0,202.0,0.0,0.0,5.0,0.0,86232.0,0.0,0.0,780.0,11.0,9.0,2.0,80.0,0.0,586028350.0,443640.0,0.0,0.0,443535.0,95.0,10.0,0.0,867.0,11.0,0.0,9.0,2.0,80.0,0.0,-82.4,29.0,46.0,-1234
365,7713938.0,86232.0,0.0,85198.0,0.0,0.0,1034.0,202.0,0.0,0.0,5.0,0.0,86232.0,0.0,0.0,780.0,11.0,9.0,2.0,80.0,0.0,586028429.0,443641.0,0.0,0.0,443536.0,95.0,10.0,0.0,867.0,11.0,0.0,9.0,2.0,80.0,0.0,-82.4,29.0,46.0,-1234
366,7714083.0,86233.0,0.0,85198.0,0.0,0.0,1035.0,202.0,0.0,0.0,5.0,0.0,86233.0,0.0,0.0,780.0,11.0,9.0,2.0,80.0,0.0,586028429.0,443641.0,0.0,0.0,443536.0,95.0,10.0,0.0,867.0,11.0,0.0,9.0,2.0,80.0,0.0,-82.4,29.0,46.0,-1234
367,7714228.0,86234.0,0.0,85198.0,0.0,0.0,1036.0,202.0,0.0,0.0,5.0,0.0,86234.0,0.0,0.0,702.0,11.0,8.0,2.0,80.0,0.0,586028508.0,443642.0,0.0,0.0,443537.0,95.0,10.0,0.0,867.0,11.0,0.0,9.0,2.0,80.0,0.0,-81.5,30.0,46.0,-1234
368,7714228.0,86234.0,0.0,85198.0,0.0,0.0,1036.0,202.0,0.0,0.0,5.0,0.0,86234.0,0.0,0.0,702.0,11.0,8.0,2.0,80.0,0.0,586028587.0,443643.0,0.0,0.0,443538.0,95.0,10.0,0.0,867.0,11.0,0.0,9.0,2.0,80.0,0.0,-81.5,30.0,46.0,-1234
369,7714373.0,86235.0,0.0,85198.0,0.0,0.0,1037.0,202.0,0.0,0.0,5.0,0.0,86235.0,0.0,0.0,702.0,11.0,8.0,2.0,80.0,0.0,586028587.0,443643.0,0.0,0.0,443538.0,95.0,10.0,0.0,867.0,11.0,0.0,9.0,2.0,80.0,0.0,-81.5,30.0,46.0,-1234
370,7714518.0,86236.0,0.0,85198.0,0.0,0.0,1038.0,202.0,0.0,0.0,5.0,0.0,86236.0,0.0,0.0,702.0,11.0,8.0,2.0,80.0,0.0,586028745.0,443645.0,0.0,0.0,443540.0,95.0,10.0,0.0,468.0,11.0,0.0,5.0,2.0,80.0,0.0,-82.4,24.0,46.0,-1234
371,7714663.0,86237.0,0.0,85198.0,0.0,0.0,1039.0,202.0,0.0,0.0,5.0,0.0,86237.0,0.0,0.0,780.0,11.0,9.0,2.0,80.0,0.0,586028870.0,443647.0,0.0,0.0,443541.0,96.0,10.0,0.0,867.0,11.0,0.0,9.0,2.0,80.0,0.0,-82.4,23.0,46.0,-1234
372,7714663.0,86237.0,0.0,85198.0,0.0,0.0,1039.0,202.0,0.0,0.0,5.0,0.0,86237.0,0.0,0.0,780.0,11.0,9.0,2.0,80.0,0.0,586028870.0,443647.0,0.0,0.0,443541.0,96.0,10.0,0.0,867.0,11.0,0.0,9.0,2.0,80.0,0.0,-82.4,23.0,46.0,-1234
373,7714663.0,86237.0,0.0,85198.0,0.0,0.0,1039.0,202.0,0.0,0.0,5.0,0.0,86237.0,0.0,0.0,780.0,11.0,9.0,2.0,80.0,0.0,586028870.0,443647.0,0.0,0.0,443541.0,96.0,10.0,0.0,867.0,11.0,0.0,9.0,2.0,80.0,0.0,-82.4,23.0,46.0,-1234
374,7714808.0,86238.0,0.0,85198.0,0.0,0.0,1040.0,202.0,0.0,0.0,5.0,0.0,86238.0,0.0,0.0,780.0,11.0,9.0,2.0,80.0,0.0,586028870.0,443647.0,0.0,0.0,443541.0,96.0,10.0,0.0,867.0,11.0,0.0,9.0,2.0,80.0,0.0,-82.4,23.0,46.0,-1234
375,7714808.0,86238.0,0.0,85198.0,0.0,0.0,1040.0,202.0,0.0,0.0,5.0,0.0,86238.0,0.0,0.0,780.0,11.0,9.0,2.0,80.0,0.0,586028949.0,443648.0,0.0,0.0,443542.0,96.0,10.0,0.0,867.0,11.0,0.0,9.0,2.0,80.0,0.0,-82.6,31.0,46.0,-1234
376,7714808.0,86238.0,0.0,85198.0,0.0,0.0,1040.0,202.0,0.0,0.0,5.0,0.0,86238.0,0.0,0.0,780.0,11.0,9.0,2.0,80.0,0.0,586028949.0,443648.0,0.0,0.0,443542.0,96.0,10.0,0.0,867.0,11.0,0.0,9.0,2.0,80.0,0.0,-82.6,31.0,46.0,-1234
377,7714808.0,86238.0,0.0,85198.0,0.0,0.0,1040.0,202.0,0.0,0.0,5.0,0.0,86238.0,0.0,0.0,780.0,11.0,9.0,2.0,80.0,0.0,586028949.0,443648.0,0.0,0.0,443542.0,96.0,10.0,0.0,867.0,11.0,0.0,9.0,2.0,80.0,0.0,-82.6,31.0,46.0,-1234
378,7714808.0,86238.0,0.0,85198.0,0.0,0.0,1040.0,202.0,0.0,0.0,5.0,0.0,86238.0,0.0,0.0,780.0,11.0,9.0,2.0,80.0,0.0,586028949.0,443648.0,0.0,0.0,443542.0,96.0,10.0,0.0,867.0,11.0,0.0,9.0,2.0,80.0,0.0,-82.6,31.0,46.0,-1234
379,7714808.0,86238.0,0.0,85198.0,0.0,0.0,1040.0,202.0,0.0,0.0,5.0,0.0,86238.0,0.0,0.0,780.0,11.0,9.0,2.0,80.0,0.0,586028949.0,443648.0,0.0,0.0,443542.0,96.0,10.0,0.0,867.0,11.0,0.0,9.0,2.0,80.0,0.0,-82.6,31.0,46.0,-1234
380,7714808.0,86238.0,0.0,85198.0,0.0,0.0,1040.0,202.0,0.0,0.0,5.0,0.0,86238.0,0.0,0.0,780.0,11.0,9.0,2.0,80.0,0.0,586028949.0,443648.0,0.0,0.0,443542.0,96.0,10.0,0.0,867.0,11.0,0.0,9.0,2.0,80.0,0.0,-82.6,31.0,46.0,-1234
381,7714808.0,86238.0,0.0,85198.0,0.0,0.0,1040.0,202.0,0.0,0.0,5.0,0.0,86238.0,0.0,0.0,780.0,11.0,9.0,2.0,80.0,0.0,586028949.0,443648.0,0.0,0.0,443542.0,96.0,10.0,0.0,867.0,11.0,0.0,9.0,2.0,80.0,0.0,-82.6,31.0,46.0,-1234
382,7714953.0,86239.0,0.0,85198.0,0.0,0.0,1041.0,202.0,0.0,0.0,5.0,0.0,86239.0,0.0,0.0,780.0,11.0,9.0,2.0,80.0,0.0,586028949.0,443648.0,0.0,0.0,443542.0,96.0,10.0,0.0,867.0,11.0,0.0,9.0,2.0,80.0,0.0,-82.6,31.0,46.0,-1234
383,7714953.0,86239.0,0.0,85198.0,0.0,0.0,1041.0,202.0,0.0,0.0,5.0,0.0,86239.0,0.0,0.0,780.0,11.0,9.0,2.0,80.0,0.0,586029070.0,443650.0,0.0,0.0,443544.0,96.0,10.0,0.0,867.0,11.0,0.0,9.0,2.0,80.0,0.0,-82.4,30.0,46.0,-1234
384,7714953.0,86239.0,0.0,85198.0,0.0,0.0,1041.0,202.0,0.0,0.0,5.0,0.0,86239.0,0.0,0.0,780.0,11.0,9.0,2.0,80.0,0.0,586029070.0,443650.0,0.0,0.0,443544.0,96.0,10.0,0.0,867.0,11.0,0.0,9.0,2.0,80.0,0.0,-82.4,30.0,46.0,-1234
385,7714953.0,86239.0,0.0,85198.0,0.0,0.0,1041.0,202.0,0.0,0.0,5.0,0.0,86239.0,0.0,0.0,780.0,11.0,9.0,2.0,80.0,0.0,586029070.0,443650.0,0.0,0.0,443544.0,96.0,10.0,0.0,867.0,11.0,0.0,9.0,2.0,80.0,0.0,-82.4,30.0,46.0,-1234
386,7714953.0,86239.0,0.0,85198.0,0.0,0.0,1041.0,202.0,0.0,0.0,5.0,0.0,86239.0,0.0,0.0,780.0,11.0,9.0,2.0,80.0,0.0,586029070.0,443650.0,0.0,0.0,443544.0,96.0,10.0,0.0,867.0,11.0,0.0,9.0,2.0,80.0,0.0,-82.4,30.0,46.0,-1234
387,7714953.0,86239.0,0.0,85198.0,0.0,0.0,1041.0,202.0,0.0,0.0,5.0,0.0,86239.0,0.0,0.0,780.0,11.0,9.0,2.0,80.0,0.0,586029070.0,443650.0,0.0,0.0,443544.0,96.0,10.0,0.0,867.0,11.0,0.0,9.0,2.0,80.0,0.0,-82.4,30.0,46.0,-1234
388,7714953.0,86239.0,0.0,85198.0,0.0,0.0,1041.0,202.0,0.0,0.0,5.0,0.0,86239.0,0.0,0.0,780.0,11.0,9.0,2.0,80.0,0.0,586029070.0,443650.0,0.0,0.0,443544.0,96.0,10.0,0.0,867.0,11.0,0.0,9.0,2.0,80.0,0.0,-82.4,30.0,46.0,-1234
389,7714953.0,86239.0,0.0,85198.0,0.0,0.0,1041.0,202.0,0.0,0.0,5.0,0.0,86239.0,0.0,0.0,780.0,11.0,9.0,2.0,80.0,0.0,586029070.0,443650.0,0.0,0.0,443544.0,96.0,10.0,0.0,867.0,11.0,0.0,9.0,2.0,80.0,0.0,-82.4,30.0,46.0,-1234
390,7714953.0,86239.0,0.0,85198.0,0.0,0.0,1041.0,202.0,0.0,0.0,5.0,0.0,86239.0,0.0,0.0,780.0,11.0,9.0,2.0,80.0,0.0,586029070.0,443650.0,0.0,0.0,443544.0,96.0,10.0,0.0,867.0,11.0,0.0,9.0,2.0,80.0,0.0,-82.4,30.0,46.0,-1234
391,7714953.0,86239.0,0.0,85198.0,0.0,0.0,1041.0,202.0,0.0,0.0,5.0,0.0,86239.0,0.0,0.0,780.0,11.0,9.0,2.0,80.0,0.0,586029070.0,443650.0,0.0,0.0,443544.0,96.0,10.0,0.0,867.0,11.0,0.0,9.0,2.0,80.0,0.0,-82.4,30.0,46.0,-1234
392,7714953.0,86239.0,0.0,85198.0,0.0,0.0,1041.0,202.0,0.0,0.0,5.0,0.0,86239.0,0.0,0.0,780.0,11.0,9.0,2.0,80.0,0.0,586029070.0,443650.0,0.0,0.0,443544.0,96.0,10.0,0.0,867.0,11.0,0.0,9.0,2.0,80.0,0.0,-82.4,30.0,46.0,-1234
393,7714953.0,86239.0,0.0,85198.0,0.0,0.0,1041.0,202.0,0.0,0.0,5.0,0.0,86239.0,0.0,0.0,780.0,11.0,9.0,2.0,80.0,0.0,586029070.0,443650.0,0.0,0.0,443544.0,96.0,10.0,0.0,867.0,11.0,0.0,9.0,2.0,80.0,0.0,-82.4,30.0,46.0,-1234
394,7714953.0,86239.0,0.0,85198.0,0.0,0.0,1041.0,202.0,0.0,0.0,5.0,0.0,86239.0,0.0,0.0,780.0,11.0,9.0,2.0,80.0,0.0,586029070.0,443650.0,0.0,0.0,443544.0,96.0,10.0,0.0,867.0,11.0,0.0,9.0,2.0,80.0,0.0,-82.4,30.0,46.0,-1234
395,7714953.0,86239.0,0.0,85198.0,0.0,0.0,1041.0,202.0,0.0,0.0,5.0,0.0,86239.0,0.0,0.0,780.0,11.0,9.0,2.0,80.0,0.0,586029070.0,443650.0,0.0,0.0,443544.0,96.0,10.0,0.0,867.0,11.0,0.0,9.0,2.0,80.0,0.0,-82.4,30.0,46.0,-1234
396,7714953.0,86239.0,0.0,85198.0,0.0,0.0,1041.0,202.0,0.0,0.0,5.0,0.0,86239.0,0.0,0.0,780.0,11.0,9.0,2.0,80.0,0.0,586029070.0,443650.0,0.0,0.0,443544.0,96.0,10.0,0.0,867.0,11.0,0.0,9.0,2.0,80.0,0.0,-82.4,30.0,46.0,-1234
397,7715098.0,86240.0,0.0,85198.0,0.0,0.0,1042.0,202.0,0.0,0.0,5.0,0.0,86240.0,0.0,0.0,780.0,11.0,9.0,2.0,80.0,0.0,586029070.0,443650.0,0.0,0.0,443544.0,96.0,10.0,0.0,867.0,11.0,0.0,9.0,2.0,80.0,0.0,-82.4,30.0,46.0,-1234
