time,5150,5153,5156,5159,5162,5165,5168,5171,5174,5177,5180,5183,5186,5189,5192,5195,5198,5201,5204,5207,5210,5213,5216,5219,5222,5225,5228,5231,5234,5237,5240,5243,5246,5249,5252,5255,5258,5261,5264,5267,5270,5273,5276,5279,5282,5285,5288,5291,5294,5297,5300,5303,5306,5309,5312,5315,5318,5321,5324,5327,5330,5333,5336,5339,5342,5345,5348,5351,5354,5357,5360,5363,5366,5369,5372,5375,5378,5381,5384,5387,5390,5393,5396,5399,5402,5405,5408,5411,5414,5417,5420,5423,5426,5429,5432,5435,5438,5441,5444,5447,5450,5453,5456,5459,5462,5465,5468,5471,5474,5477,5480,5483,5486,5489,5492,5495,5498,5501,5504,5507,5510,5513,5516,5519,5522,5525,5528,5531,5534,5537,5540,5543,5546,5549,5552,5555,5558,5561,5564,5567,5570,5573,5576,5579,5582,5585,5588,5591,5594,5597,5600,5603,5606,5609,5612,5615,5618,5621,5624,5627,5630,5633,5636,5639,5642,5645,5648,5651,5654,5657,5660,5663,5666,5669,5672,5675,5678,5681,5684,5687,5690,5693,5696,5699,5702,5705,5708,5711,5714,5717,5720,5723,5726,5729,5732,5735,5738,5741,5744,5747,5750,5753,5756,5759,5762,5765,5768,5771,5774,5777,5780,5783,5786,5789,5792,5795,5798,5801,5804,5807,5810,5813,5816,5819,5822,5825
0,-120,-120,-120,-120,-120,-120,-120,-120,-120,-120,-120,-120,-120,-120,-120,-120,-120,-120,-120,-120,-120,-120,-120,-120,-120,-120,-120,-120,-120,-120,-120,-120,-120,-120,-120,-120,-120,-120,-120,-120,-120,-120,-120,-120,-120,-120,-120,-120,-120,-120,-120,-120,-120,-120,-120,-120,-120,-120,-120,-120,-120,-120,-120,-120,-120,-120,-120,-120,-120,-120,-120,-120,-120,-120,-120,-120,-120,-120,-120,-120,-120,-120,-120,-120,-120,-120,-120,-120,-120,-120,-120,-120,-120,-120,-120,-120,-120,-120,-120,-120,-120,-120,-120,-120,-120,-120,-120,-120,-120,-120,-120,-120,-120,-120,-120,-120,-120,-120,-120,-120,-120,-120,-120,-120,-120,-120,-120,-120,-120,-120,-120,-120,-120,-120,-120,-120,-120,-120,-120,-120,-120,-120,-120,-120,-120,-120,-120,-120,-120,-120,-120,-120,-120,-120,-120,-120,-120,-120,-120,-120,-120,-120,-120,-120,-120,-120,-120,-120,-120,-120,-120,-120,-120,-120,-120,-120,-120,-120,-120,-120,-120,-120,-120,-120,-120,-120,-120,-120,-120,-120,-120,-120,-120,-120,-120,-120,-120,-120,-120,-120,-120,-120,-120,-120,-120,-74.6033,-120,-120,-120,-120,-120,-120,-120,-120,-120,-120,-120,-120,-120,-120,-120,-120,-120,-120,-120,-120
4,-120,-120,-120,-120,-120,-120,-120,-120,-120,-120,-120,-120,-120,-120,-120,-120,-120,-120,-120,-120,-120,-120,-120,-120,-120,-120,-120,-120,-120,-120,-120,-120,-120,-120,-120,-120,-120,-120,-120,-120,-120,-120,-120,-120,-120,-120,-120,-120,-120,-120,-120,-120,-120,-120,-120,-120,-120,-120,-120,-120,-120,-120,-120,-120,-120,-120,-120,-120,-120,-120,-120,-120,-120,-120,-120,-120,-120,-120,-120,-120,-120,-120,-120,-120,-120,-120,-120,-120,-120,-120,-120,-120,-120,-120,-120,-120,-120,-120,-120,-120,-120,-120,-120,-120,-120,-120,-120,-120,-120,-120,-120,-120,-120,-120,-120,-120,-120,-120,-120,-120,-120,-120,-120,-120,-120,-120,-120,-120,-120,-120,-120,-120,-120,-120,-120,-120,-120,-120,-120,-120,-120,-120,-120,-120,-120,-120,-120,-120,-120,-120,-120,-120,-120,-120,-120,-120,-120,-120,-120,-120,-120,-120,-120,-120,-120,-120,-120,-120,-120,-120,-120,-120,-120,-120,-120,-120,-120,-120,-120,-120,-120,-120,-120,-120,-120,-120,-120,-120,-120,-120,-120,-120,-120,-120,-120,-120,-120,-120,-120,-120,-120,-120,-120,-120,-120,-120,-120,-120,-120,-120,-120,-120,-120,-120,-120,-120,-120,-120,-120,-120,-120,-120,-120,-120,-120,-120
8,-120,-120,-120,-120,-120,-120,-120,-120,-120,-120,-120,-120,-120,-120,-120,-120,-120,-120,-120,-120,-120,-120,-120,-120,-120,-120,-120,-120,-120,-120,-120,-120,-120,-120,-120,-120,-120,-120,-120,-120,-120,-120,-120,-120,-120,-120,-120,-120,-120,-120,-120,-120,-120,-120,-120,-120,-120,-120,-120,-120,-120,-120,-120,-120,-120,-120,-120,-120,-120,-120,-120,-120,-120,-120,-120,-120,-120,-120,-120,-120,-120,-120,-120,-120,-120,-120,-120,-120,-120,-120,-120,-120,-120,-120,-120,-120,-120,-120,-120,-120,-120,-120,-120,-120,-120,-120,-120,-120,-120,-120,-120,-120,-120,-120,-120,-120,-120,-120,-120,-120,-120,-120,-120,-120,-120,-120,-120,-120,-120,-120,-120,-120,-120,-120,-120,-120,-120,-120,-120,-120,-120,-120,-120,-120,-120,-120,-120,-120,-120,-120,-120,-120,-120,-120,-120,-120,-120,-120,-120,-120,-120,-120,-120,-120,-120,-120,-120,-120,-120,-120,-120,-120,-120,-120,-120,-120,-120,-120,-120,-120,-120,-120,-120,-120,-120,-120,-120,-120,-120,-120,-120,-120,-120,-120,-120,-120,-120,-120,-120,-120,-120,-76.0231,-120,-120,-120,-120,-120,-120,-120,-120,-120,-120,-120,-120,-120,-120,-120,-120,-120,-120,-120,-120,-120,-120,-120,-120
12,-120,-120,-120,-120,-120,-120,-120,-120,-120,-120,-120,-120,-120,-120,-120,-120,-120,-120,-120,-120,-120,-120,-120,-120,-120,-120,-120,-120,-120,-120,-120,-120,-120,-120,-120,-120,-120,-120,-120,-120,-120,-120,-120,-120,-120,-120,-120,-120,-120,-120,-120,-120,-120,-120,-120,-120,-120,-120,-120,-120,-120,-120,-120,-120,-120,-120,-120,-120,-120,-120,-120,-120,-120,-120,-120,-120,-120,-120,-120,-120,-120,-120,-120,-120,-120,-120,-120,-120,-120,-120,-120,-120,-120,-120,-120,-120,-120,-120,-120,-120,-120,-120,-120,-120,-120,-120,-120,-120,-120,-120,-120,-120,-120,-120,-120,-120,-120,-120,-120,-120,-120,-120,-120,-120,-120,-120,-120,-120,-120,-120,-120,-120,-120,-120,-120,-120,-120,-120,-120,-120,-120,-120,-120,-120,-120,-120,-120,-120,-120,-120,-120,-120,-120,-120,-120,-120,-120,-120,-120,-120,-120,-120,-120,-120,-120,-120,-120,-120,-120,-120,-120,-120,-120,-120,-120,-120,-120,-120,-120,-120,-120,-120,-120,-120,-120,-120,-120,-120,-120,-120,-120,-120,-120,-120,-120,-120,-120,-120,-120,-120,-120,-120,-120,-120,-120,-120,-120,-120,-120,-120,-120,-120,-120,-120,-120,-120,-120,-120,-120,-120,-120,-120,-120,-120,-120,-120
16,-120,-120,-120,-120,-120,-120,-120,-120,-120,-120,-120,-120,-120,-120,-120,-120,-120,-120,-120,-120,-120,-120,-120,-120,-120,-120,-120,-120,-120,-120,-120,-120,-120,-120,-120,-120,-120,-120,-120,-120,-120,-120,-120,-120,-120,-120,-120,-120,-120,-120,-120,-120,-120,-120,-120,-120,-120,-120,-120,-120,-120,-120,-120,-120,-120,-120,-120,-120,-120,-120,-120,-120,-120,-120,-120,-120,-120,-120,-120,-120,-120,-120,-120,-120,-120,-120,-120,-120,-120,-120,-120,-120,-120,-120,-120,-120,-120,-120,-120,-120,-120,-120,-120,-120,-120,-120,-120,-120,-120,-120,-120,-120,-120,-120,-120,-120,-120,-120,-120,-120,-120,-120,-120,-120,-120,-120,-120,-120,-120,-120,-120,-120,-120,-120,-120,-120,-120,-120,-120,-120,-120,-120,-120,-120,-120,-120,-120,-120,-120,-120,-120,-120,-120,-120,-120,-120,-120,-120,-120,-120,-120,-120,-120,-120,-120,-120,-120,-120,-120,-120,-120,-120,-120,-120,-120,-120,-120,-120,-120,-120,-120,-120,-120,-120,-120,-120,-120,-120,-120,-120,-120,-120,-120,-120,-120,-120,-120,-120,-120,-120,-120,-120,-120,-120,-120,-120,-120,-120,-120,-120,-120,-120,-120,-120,-120,-120,-120,-120,-120,-120,-120,-120,-120,-120,-120,-120
20,-120,-120,-120,-120,-120,-120,-120,-120,-120,-120,-120,-120,-120,-120,-120,-120,-120,-120,-120,-120,-120,-120,-120,-120,-120,-120,-120,-120,-120,-120,-120,-120,-120,-120,-120,-120,-120,-120,-120,-120,-120,-120,-120,-120,-120,-120,-120,-120,-120,-120,-120,-120,-120,-120,-120,-120,-120,-120,-120,-120,-120,-120,-120,-120,-120,-120,-120,-120,-120,-120,-120,-120,-120,-120,-120,-120,-120,-120,-120,-120,-120,-120,-120,-120,-120,-120,-120,-120,-120,-120,-120,-120,-120,-120,-120,-120,-120,-120,-120,-120,-120,-120,-120,-120,-120,-120,-120,-120,-120,-120,-120,-120,-120,-120,-120,-120,-120,-120,-120,-120,-120,-120,-120,-120,-120,-120,-120,-120,-120,-120,-120,-120,-120,-120,-120,-120,-120,-120,-120,-120,-120,-120,-120,-120,-120,-120,-120,-120,-120,-120,-120,-120,-120,-120,-120,-120,-120,-120,-120,-120,-120,-120,-120,-120,-120,-120,-120,-120,-120,-120,-120,-120,-120,-120,-120,-120,-120,-120,-120,-120,-120,-120,-120,-120,-120,-120,-120,-120,-120,-120,-120,-120,-120,-120,-120,-120,-120,-120,-120,-120,-120,-120,-120,-120,-120,-120,-120,-120,-120,-120,-120,-120,-120,-120,-120,-120,-120,-120,-120,-120,-120,-120,-120,-120,-120,-120
24,-120,-120,-120,-120,-120,-120,-120,-120,-120,-120,-120,-120,-120,-120,-120,-120,-120,-120,-120,-120,-120,-120,-120,-120,-120,-120,-120,-120,-120,-120,-120,-120,-120,-120,-120,-120,-120,-120,-120,-120,-120,-120,-120,-120,-120,-120,-120,-120,-120,-120,-120,-120,-120,-120,-120,-120,-120,-120,-120,-120,-120,-79.1856,-120,-120,-120,-120,-120,-120,-120,-120,-120,-120,-120,-120,-120,-120,-120,-120,-120,-120,-120,-120,-120,-120,-120,-120,-120,-120,-120,-120,-120,-120,-120,-120,-120,-120,-120,-120,-120,-120,-120,-120,-120,-120,-120,-120,-120,-120,-120,-120,-120,-120,-120,-120,-120,-120,-120,-120,-120,-120,-120,-120,-120,-120,-120,-120,-120,-120,-120,-120,-120,-120,-120,-120,-120,-120,-120,-120,-120,-120,-120,-120,-120,-120,-120,-120,-120,-120,-120,-120,-120,-120,-120,-120,-120,-120,-120,-120,-120,-120,-120,-120,-120,-120,-120,-120,-120,-120,-120,-120,-120,-120,-120,-120,-120,-120,-120,-120,-120,-120,-120,-120,-120,-120,-120,-120,-120,-120,-120,-120,-120,-120,-120,-120,-120,-120,-120,-120,-120,-120,-120,-120,-120,-120,-120,-120,-120,-120,-120,-120,-120,-120,-120,-120,-120,-120,-120,-120,-120,-120,-120,-120,-120,-120,-120,-120
28,-120,-120,-120,-120,-120,-120,-120,-120,-120,-120,-120,-120,-120,-120,-120,-120,-120,-120,-120,-120,-120,-120,-120,-120,-120,-120,-120,-120,-120,-120,-120,-120,-120,-120,-120,-120,-120,-120,-120,-120,-120,-120,-120,-120,-120,-120,-120,-120,-120,-120,-120,-120,-120,-120,-120,-120,-120,-120,-120,-120,-120,-120,-120,-120,-120,-120,-120,-120,-120,-120,-120,-120,-120,-120,-120,-120,-120,-120,-120,-120,-120,-120,-120,-120,-120,-120,-120,-120,-120,-120,-120,-120,-120,-120,-120,-120,-120,-120,-120,-120,-120,-120,-120,-120,-120,-120,-120,-120,-120,-120,-120,-120,-120,-120,-120,-120,-120,-120,-120,-120,-120,-120,-120,-120,-120,-120,-120,-120,-120,-120,-120,-120,-120,-120,-120,-120,-120,-120,-120,-120,-120,-120,-120,-120,-120,-120,-120,-120,-120,-120,-120,-120,-120,-120,-120,-120,-120,-120,-120,-120,-120,-120,-120,-120,-120,-120,-120,-120,-120,-120,-120,-120,-120,-120,-120,-120,-120,-120,-120,-120,-120,-120,-120,-120,-120,-120,-120,-120,-120,-120,-120,-120,-120,-120,-120,-120,-120,-120,-120,-120,-120,-120,-120,-120,-120,-120,-120,-120,-120,-120,-120,-120,-120,-120,-120,-120,-120,-120,-120,-120,-120,-120,-120,-120,-120,-120
32,-120,-120,-120,-120,-120,-120,-120,-120,-120,-120,-120,-120,-120,-120,-120,-120,-120,-120,-120,-120,-120,-120,-120,-120,-120,-120,-120,-120,-120,-120,-120,-120,-120,-120,-120,-120,-120,-120,-120,-120,-120,-120,-120,-120,-120,-120,-120,-120,-120,-120,-120,-120,-120,-120,-120,-120,-120,-120,-120,-120,-120,-120,-120,-120,-120,-120,-120,-120,-120,-120,-120,-120,-120,-120,-120,-120,-120,-120,-120,-120,-120,-120,-120,-120,-120,-120,-120,-120,-120,-120,-120,-120,-120,-120,-120,-120,-120,-120,-120,-120,-120,-120,-120,-120,-120,-120,-120,-120,-120,-120,-120,-120,-120,-120,-120,-120,-120,-120,-120,-120,-120,-120,-120,-120,-120,-120,-120,-120,-120,-120,-120,-120,-120,-120,-120,-120,-120,-120,-120,-120,-120,-120,-120,-120,-120,-120,-120,-120,-120,-120,-120,-120,-120,-120,-120,-120,-120,-120,-120,-120,-120,-120,-120,-120,-120,-120,-120,-120,-120,-120,-120,-120,-120,-120,-120,-120,-120,-120,-120,-120,-120,-120,-120,-120,-120,-120,-120,-120,-120,-120,-120,-120,-120,-120,-120,-120,-120,-120,-120,-120,-120,-120,-120,-120,-120,-120,-120,-120,-120,-120,-120,-120,-120,-120,-120,-120,-120,-120,-120,-120,-120,-120,-120,-120,-120,-120
36,-120,-120,-120,-120,-120,-120,-120,-120,-120,-120,-120,-120,-120,-120,-120,-120,-120,-120,-120,-120,-120,-120,-120,-120,-120,-120,-120,-120,-120,-120,-120,-120,-120,-120,-120,-120,-120,-120,-120,-120,-120,-120,-120,-120,-120,-120,-120,-120,-120,-120,-120,-120,-120,-120,-120,-120,-120,-120,-120,-120,-120,-120,-120,-120,-120,-120,-120,-120,-120,-120,-120,-120,-120,-120,-120,-120,-120,-120,-120,-120,-120,-120,-120,-120,-120,-120,-120,-120,-120,-120,-120,-120,-120,-120,-120,-120,-120,-120,-120,-120,-120,-120,-120,-120,-120,-120,-120,-120,-120,-120,-120,-120,-120,-120,-120,-120,-120,-120,-120,-120,-120,-120,-120,-120,-120,-120,-120,-120,-120,-120,-120,-120,-120,-120,-120,-120,-120,-120,-120,-80.0643,-120,-120,-120,-120,-120,-120,-120,-120,-120,-120,-120,-120,-120,-120,-120,-120,-120,-120,-120,-120,-120,-120,-120,-120,-120,-120,-120,-120,-120,-120,-120,-120,-120,-120,-120,-120,-120,-120,-120,-120,-120,-120,-120,-120,-120,-120,-120,-120,-120,-120,-120,-120,-120,-120,-120,-120,-120,-120,-120,-120,-120,-120,-120,-120,-120,-120,-120,-120,-120,-120,-120,-120,-120,-120,-120,-120,-120,-120,-120,-120,-120,-120,-120,-120,-120,-120
40,-120,-120,-120,-120,-120,-120,-120,-120,-120,-120,-120,-120,-120,-120,-120,-120,-120,-120,-120,-120,-120,-120,-120,-120,-120,-120,-120,-120,-120,-120,-120,-120,-120,-120,-120,-120,-120,-120,-120,-120,-120,-120,-120,-120,-120,-120,-120,-120,-120,-120,-120,-120,-120,-120,-120,-120,-120,-120,-120,-120,-120,-120,-120,-120,-120,-120,-120,-120,-120,-120,-120,-120,-120,-120,-120,-120,-120,-120,-120,-120,-120,-120,-120,-120,-120,-120,-120,-120,-120,-120,-120,-78.0424,-120,-120,-120,-120,-120,-120,-120,-120,-120,-120,-120,-120,-120,-120,-120,-120,-120,-120,-120,-120,-120,-120,-120,-120,-120,-120,-120,-120,-120,-120,-120,-120,-120,-120,-120,-120,-120,-120,-120,-120,-120,-120,-120,-120,-120,-120,-80.0483,-120,-120,-120,-120,-120,-120,-120,-120,-120,-120,-120,-120,-120,-120,-120,-120,-120,-120,-120,-120,-120,-120,-120,-120,-120,-120,-120,-120,-120,-120,-120,-120,-120,-120,-120,-120,-120,-120,-120,-120,-120,-120,-120,-120,-120,-120,-120,-120,-120,-120,-120,-120,-120,-120,-120,-120,-120,-120,-120,-120,-120,-120,-120,-120,-120,-120,-120,-120,-120,-120,-120,-120,-120,-120,-120,-120,-120,-120,-120,-120,-120,-120,-120,-120,-120,-120,-120
44,-120,-120,-120,-120,-120,-120,-120,-120,-120,-120,-120,-120,-120,-120,-120,-120,-120,-120,-120,-120,-120,-120,-120,-120,-120,-120,-120,-120,-120,-120,-120,-120,-120,-120,-120,-120,-120,-120,-120,-120,-120,-120,-120,-120,-120,-120,-120,-120,-120,-120,-120,-120,-120,-120,-120,-120,-120,-120,-120,-120,-120,-120,-120,-120,-120,-120,-120,-120,-120,-120,-120,-120,-120,-120,-120,-120,-120,-120,-120,-120,-120,-120,-120,-120,-120,-120,-120,-120,-120,-120,-120,-120,-120,-120,-120,-120,-120,-120,-120,-120,-120,-120,-120,-120,-120,-120,-120,-120,-120,-120,-120,-120,-120,-120,-120,-120,-120,-120,-120,-120,-120,-120,-120,-120,-120,-120,-120,-120,-120,-120,-120,-120,-120,-120,-120,-120,-120,-120,-120,-120,-120,-120,-120,-120,-120,-120,-120,-120,-120,-120,-120,-120,-120,-120,-120,-120,-120,-120,-120,-120,-120,-120,-120,-120,-120,-120,-120,-120,-120,-120,-120,-120,-120,-120,-120,-120,-120,-120,-120,-120,-120,-120,-120,-120,-120,-120,-120,-120,-120,-120,-120,-120,-120,-120,-120,-120,-120,-120,-120,-120,-120,-120,-120,-120,-120,-120,-120,-120,-120,-120,-120,-120,-120,-120,-120,-120,-120,-120,-120,-120,-120,-120,-120,-120,-120,-120
48,-120,-120,-120,-120,-120,-120,-120,-120,-120,-120,-120,-120,-120,-120,-120,-120,-120,-120,-120,-120,-120,-120,-120,-120,-120,-120,-120,-120,-120,-120,-120,-120,-120,-120,-120,-120,-120,-120,-120,-120,-120,-120,-120,-120,-120,-120,-120,-120,-120,-120,-120,-120,-120,-120,-120,-120,-120,-120,-120,-120,-120,-120,-120,-120,-120,-120,-120,-120,-120,-120,-120,-120,-120,-120,-120,-120,-120,-120,-120,-120,-120,-120,-120,-120,-120,-120,-120,-120,-120,-120,-120,-120,-120,-120,-120,-120,-120,-120,-120,-120,-120,-120,-120,-120,-120,-120,-120,-120,-120,-120,-120,-120,-120,-120,-120,-120,-120,-120,-120,-120,-120,-120,-120,-120,-120,-120,-120,-120,-120,-120,-120,-120,-120,-120,-120,-120,-120,-120,-120,-120,-120,-120,-120,-120,-120,-120,-120,-120,-120,-120,-120,-120,-120,-120,-120,-120,-120,-120,-120,-120,-120,-120,-120,-120,-120,-120,-120,-120,-120,-120,-120,-120,-120,-120,-120,-120,-120,-120,-120,-120,-120,-120,-120,-120,-120,-120,-120,-120,-120,-120,-120,-120,-120,-120,-120,-120,-120,-120,-120,-120,-120,-120,-120,-120,-120,-120,-120,-120,-120,-120,-120,-120,-120,-120,-120,-120,-120,-120,-120,-120,-120,-120,-120,-120,-120,-120
52,-120,-120,-120,-120,-120,-120,-120,-120,-120,-120,-120,-120,-120,-120,-120,-120,-120,-120,-120,-120,-120,-120,-120,-120,-120,-120,-120,-120,-120,-120,-120,-120,-120,-120,-120,-120,-120,-120,-120,-120,-120,-120,-120,-120,-120,-120,-120,-120,-120,-120,-120,-120,-120,-120,-120,-120,-120,-120,-120,-120,-120,-120,-120,-120,-120,-120,-120,-120,-120,-120,-120,-120,-120,-120,-120,-120,-120,-120,-120,-120,-120,-120,-120,-120,-120,-120,-120,-120,-120,-120,-120,-120,-120,-120,-120,-120,-120,-120,-120,-120,-120,-120,-120,-120,-120,-120,-120,-120,-120,-120,-120,-120,-120,-120,-120,-120,-120,-120,-120,-120,-120,-120,-120,-120,-120,-120,-120,-120,-120,-120,-120,-120,-120,-120,-120,-120,-120,-120,-120,-120,-120,-120,-120,-120,-120,-120,-120,-120,-120,-120,-120,-120,-120,-120,-120,-120,-120,-120,-120,-120,-120,-120,-120,-120,-120,-120,-120,-120,-120,-120,-120,-120,-120,-120,-120,-120,-120,-120,-120,-120,-120,-120,-120,-120,-120,-120,-120,-120,-120,-120,-120,-120,-120,-120,-120,-120,-120,-120,-120,-120,-120,-120,-120,-120,-120,-120,-120,-120,-120,-120,-120,-120,-120,-120,-120,-120,-120,-120,-120,-120,-120,-120,-120,-120,-120,-120
56,-120,-120,-120,-120,-120,-120,-120,-120,-120,-120,-120,-120,-120,-120,-120,-120,-120,-120,-120,-120,-120,-120,-120,-120,-120,-120,-120,-120,-120,-120,-120,-120,-120,-120,-120,-120,-120,-120,-120,-120,-120,-120,-120,-120,-120,-120,-120,-120,-120,-120,-120,-120,-120,-120,-120,-120,-120,-120,-120,-120,-120,-120,-120,-120,-120,-120,-120,-120,-120,-120,-120,-120,-120,-120,-120,-120,-120,-120,-120,-120,-120,-120,-120,-120,-120,-120,-120,-120,-120,-120,-120,-120,-120,-120,-120,-120,-120,-120,-120,-120,-120,-120,-120,-120,-120,-120,-120,-120,-120,-120,-120,-120,-120,-120,-120,-120,-120,-120,-120,-120,-120,-120,-120,-120,-120,-120,-120,-120,-120,-120,-120,-120,-120,-120,-120,-120,-120,-120,-120,-120,-120,-120,-120,-120,-120,-120,-120,-120,-120,-120,-120,-120,-120,-120,-120,-120,-120,-120,-120,-120,-120,-120,-120,-120,-120,-120,-120,-120,-120,-120,-120,-120,-120,-120,-120,-120,-120,-120,-120,-120,-120,-120,-120,-120,-120,-120,-120,-120,-120,-120,-120,-120,-120,-120,-120,-120,-120,-120,-120,-120,-120,-120,-120,-120,-120,-120,-120,-120,-120,-120,-120,-120,-120,-120,-120,-120,-120,-120,-120,-120,-120,-120,-120,-120,-120,-120
60,-120,-120,-120,-120,-120,-120,-120,-120,-120,-120,-120,-120,-120,-120,-120,-120,-120,-120,-120,-120,-120,-120,-120,-120,-120,-120,-120,-120,-120,-120,-120,-120,-120,-120,-120,-120,-120,-120,-120,-120,-120,-120,-120,-120,-120,-120,-120,-120,-120,-120,-120,-120,-120,-120,-120,-120,-120,-120,-120,-120,-120,-120,-120,-120,-120,-120,-120,-120,-120,-120,-120,-120,-120,-120,-120,-120,-120,-120,-120,-120,-120,-120,-120,-120,-120,-120,-120,-120,-120,-120,-120,-120,-120,-120,-120,-120,-120,-120,-120,-120,-120,-120,-120,-120,-120,-120,-120,-120,-120,-120,-120,-120,-120,-120,-120,-120,-120,-120,-120,-120,-120,-120,-120,-120,-120,-120,-120,-120,-120,-120,-120,-120,-120,-120,-120,-120,-120,-120,-120,-120,-120,-120,-120,-120,-120,-120,-120,-120,-120,-120,-120,-120,-120,-120,-120,-120,-120,-120,-120,-120,-120,-120,-120,-120,-120,-120,-120,-120,-120,-120,-120,-120,-120,-120,-120,-120,-120,-120,-120,-120,-120,-120,-120,-120,-120,-120,-120,-120,-120,-120,-120,-120,-120,-120,-120,-120,-120,-120,-120,-120,-120,-120,-120,-120,-120,-120,-120,-120,-120,-120,-120,-120,-120,-120,-120,-120,-120,-120,-120,-120,-120,-120,-120,-120,-120,-120
64,-120,-120,-120,-120,-120,-120,-120,-120,-120,-120,-120,-120,-120,-120,-120,-120,-120,-120,-120,-120,-120,-120,-120,-120,-120,-120,-120,-120,-120,-120,-120,-120,-120,-120,-120,-120,-120,-120,-120,-120,-120,-120,-120,-120,-120,-120,-120,-120,-120,-120,-120,-120,-120,-120,-120,-120,-120,-120,-120,-120,-120,-120,-120,-120,-120,-120,-120,-120,-120,-120,-120,-120,-120,-120,-120,-120,-120,-120,-120,-120,-120,-120,-120,-120,-120,-120,-120,-120,-120,-120,-120,-120,-120,-120,-120,-120,-120,-120,-120,-120,-120,-120,-120,-120,-120,-120,-120,-120,-120,-120,-120,-120,-120,-120,-120,-120,-120,-120,-120,-120,-120,-120,-120,-120,-120,-120,-120,-120,-120,-120,-120,-120,-120,-120,-120,-120,-120,-120,-120,-120,-120,-120,-120,-120,-120,-120,-120,-120,-120,-120,-120,-120,-120,-120,-120,-120,-120,-120,-120,-120,-120,-120,-120,-120,-120,-120,-120,-120,-120,-120,-120,-120,-120,-120,-120,-120,-120,-120,-120,-120,-120,-120,-120,-120,-120,-120,-120,-120,-120,-120,-120,-120,-120,-120,-120,-120,-120,-120,-120,-120,-120,-120,-120,-120,-120,-75.1356,-120,-120,-120,-120,-120,-120,-120,-120,-120,-120,-120,-120,-120,-120,-120,-120,-120,-120,-120,-120
68,-120,-120,-120,-120,-120,-120,-120,-120,-120,-120,-120,-120,-120,-120,-120,-120,-120,-120,-120,-120,-120,-120,-120,-120,-120,-120,-120,-120,-120,-120,-120,-120,-120,-120,-120,-120,-120,-120,-120,-120,-120,-120,-120,-120,-120,-120,-120,-120,-120,-120,-120,-120,-120,-120,-120,-120,-120,-120,-120,-120,-120,-120,-120,-120,-120,-120,-120,-120,-120,-120,-120,-120,-120,-120,-120,-120,-120,-120,-120,-120,-120,-120,-120,-120,-120,-120,-120,-120,-120,-120,-120,-120,-120,-120,-120,-120,-120,-120,-120,-120,-120,-120,-120,-120,-120,-120,-120,-120,-120,-120,-120,-120,-120,-120,-120,-120,-120,-120,-120,-120,-120,-120,-120,-120,-120,-120,-120,-120,-120,-120,-120,-120,-120,-120,-120,-120,-120,-120,-120,-120,-120,-120,-120,-120,-120,-120,-120,-120,-120,-120,-120,-120,-120,-120,-120,-120,-120,-120,-120,-120,-120,-120,-120,-120,-120,-120,-120,-120,-120,-120,-120,-120,-120,-120,-120,-120,-120,-120,-120,-120,-120,-120,-120,-120,-120,-120,-120,-120,-120,-120,-120,-120,-120,-120,-120,-120,-120,-120,-120,-120,-120,-120,-120,-120,-120,-120,-120,-120,-120,-120,-120,-120,-120,-120,-120,-120,-120,-120,-120,-120,-120,-120,-120,-120,-120,-120
72,-120,-120,-120,-120,-120,-120,-120,-120,-120,-120,-120,-120,-120,-120,-120,-120,-120,-120,-120,-120,-120,-120,-120,-120,-120,-120,-120,-120,-120,-120,-120,-120,-120,-120,-120,-120,-120,-120,-120,-120,-120,-120,-120,-120,-120,-120,-120,-120,-120,-120,-120,-120,-120,-120,-120,-120,-120,-120,-120,-120,-120,-120,-120,-120,-120,-120,-120,-120,-120,-120,-120,-120,-120,-120,-120,-120,-120,-120,-120,-120,-120,-120,-120,-120,-120,-120,-120,-120,-120,-120,-120,-120,-120,-120,-120,-120,-120,-120,-120,-120,-120,-120,-120,-120,-120,-120,-120,-120,-120,-120,-120,-120,-120,-120,-120,-120,-120,-120,-120,-120,-120,-120,-120,-120,-120,-120,-120,-120,-120,-120,-120,-120,-120,-120,-120,-120,-120,-120,-120,-120,-120,-120,-120,-120,-120,-120,-120,-120,-120,-120,-120,-120,-120,-120,-120,-120,-120,-120,-120,-120,-120,-120,-120,-120,-120,-120,-120,-120,-120,-120,-120,-120,-120,-120,-120,-120,-120,-120,-120,-120,-120,-120,-120,-120,-120,-120,-120,-120,-120,-120,-120,-120,-120,-120,-120,-120,-120,-120,-120,-120,-120,-120,-120,-120,-120,-120,-120,-120,-120,-120,-120,-120,-120,-120,-120,-120,-120,-120,-120,-120,-120,-120,-120,-120,-120,-120
76,-120,-120,-120,-120,-120,-120,-120,-120,-120,-120,-120,-120,-120,-120,-120,-120,-120,-120,-120,-120,-120,-120,-120,-120,-120,-120,-120,-120,-120,-120,-120,-120,-120,-120,-120,-120,-120,-120,-120,-120,-120,-120,-120,-120,-120,-120,-120,-120,-120,-120,-120,-120,-120,-120,-120,-120,-120,-120,-120,-120,-120,-120,-120,-120,-120,-120,-120,-120,-120,-120,-120,-120,-120,-120,-120,-120,-120,-120,-120,-120,-120,-120,-120,-120,-120,-120,-120,-120,-120,-120,-120,-120,-120,-120,-120,-120,-120,-120,-120,-120,-120,-120,-120,-120,-120,-120,-120,-120,-120,-120,-120,-120,-120,-120,-120,-120,-120,-120,-120,-120,-120,-120,-120,-120,-120,-120,-120,-120,-120,-120,-120,-120,-120,-120,-120,-120,-120,-120,-120,-120,-120,-120,-120,-120,-120,-120,-120,-120,-120,-120,-120,-120,-120,-120,-120,-120,-120,-120,-120,-120,-120,-120,-120,-120,-120,-120,-120,-120,-120,-120,-120,-120,-120,-120,-120,-120,-120,-120,-120,-120,-120,-120,-120,-120,-120,-120,-120,-120,-120,-120,-120,-120,-120,-120,-120,-120,-120,-120,-120,-120,-120,-120,-120,-120,-120,-120,-120,-120,-120,-120,-120,-120,-120,-120,-120,-120,-120,-120,-120,-120,-120,-120,-120,-120,-120,-120
80,-120,-120,-120,-120,-120,-120,-120,-120,-120,-120,-120,-120,-120,-120,-120,-120,-120,-120,-120,-120,-120,-120,-120,-120,-120,-120,-120,-120,-120,-120,-120,-120,-120,-120,-120,-120,-120,-120,-120,-120,-120,-120,-120,-120,-120,-120,-120,-120,-120,-120,-120,-120,-120,-120,-120,-120,-120,-120,-120,-120,-120,-120,-120,-120,-120,-120,-120,-120,-120,-120,-120,-120,-120,-120,-120,-120,-120,-120,-120,-120,-120,-120,-120,-120,-120,-120,-120,-120,-120,-120,-120,-120,-120,-120,-120,-120,-120,-120,-120,-120,-120,-120,-120,-120,-120,-120,-120,-120,-120,-120,-120,-120,-120,-120,-120,-120,-120,-120,-66.0005,-120,-120,-120,-120,-120,-120,-120,-68.4371,-120,-120,-120,-120,-120,-120,-120,-76.4545,-120,-120,-120,-120,-120,-120,-120,-120,-120,-120,-120,-120,-120,-120,-120,-120,-120,-120,-120,-120,-120,-120,-120,-120,-120,-120,-120,-120,-120,-120,-120,-120,-120,-120,-120,-120,-120,-120,-120,-120,-120,-120,-120,-120,-120,-120,-120,-120,-120,-120,-120,-120,-120,-120,-120,-120,-120,-120,-120,-120,-120,-120,-120,-120,-120,-120,-120,-120,-120,-120,-76.5606,-120,-120,-120,-120,-120,-120,-120,-120,-120,-120,-120,-120,-120,-120,-120,-120,-120,-120,-120,-120
84,-120,-120,-120,-120,-120,-120,-120,-120,-120,-120,-120,-120,-120,-120,-120,-120,-120,-120,-120,-120,-120,-120,-120,-120,-120,-120,-120,-120,-120,-120,-120,-120,-120,-120,-120,-120,-120,-120,-120,-120,-120,-120,-120,-120,-120,-120,-120,-120,-120,-120,-120,-120,-120,-120,-120,-120,-120,-120,-120,-120,-120,-120,-120,-120,-120,-120,-120,-120,-120,-120,-120,-120,-120,-120,-120,-120,-120,-120,-120,-120,-120,-120,-120,-120,-120,-120,-120,-120,-120,-120,-120,-120,-120,-120,-120,-120,-120,-120,-120,-120,-120,-120,-120,-120,-120,-120,-120,-120,-120,-120,-120,-120,-120,-120,-120,-120,-120,-120,-120,-120,-67.3687,-120,-120,-120,-120,-120,-120,-66.8005,-120,-120,-120,-120,-120,-120,-120,-63.3435,-120,-120,-120,-120,-120,-120,-120,-120,-120,-120,-120,-120,-120,-120,-120,-120,-120,-120,-120,-120,-120,-120,-120,-120,-120,-120,-120,-120,-120,-120,-120,-120,-120,-120,-120,-120,-120,-120,-120,-120,-120,-120,-120,-120,-120,-120,-120,-120,-120,-120,-120,-120,-120,-120,-120,-120,-120,-120,-120,-120,-120,-120,-120,-120,-120,-120,-120,-120,-120,-120,-120,-120,-120,-120,-120,-120,-120,-120,-120,-120,-120,-120,-120,-120,-120,-120,-120,-120,-120,-120
88,-120,-120,-120,-120,-120,-120,-120,-120,-120,-120,-120,-120,-120,-120,-120,-120,-120,-120,-120,-120,-120,-120,-120,-120,-120,-120,-120,-120,-120,-120,-120,-120,-120,-120,-120,-120,-120,-120,-120,-120,-120,-120,-120,-120,-120,-120,-120,-120,-120,-120,-120,-120,-120,-120,-120,-120,-120,-120,-120,-120,-120,-120,-120,-120,-120,-120,-120,-120,-120,-120,-120,-120,-120,-120,-120,-120,-120,-120,-120,-120,-120,-120,-120,-120,-120,-120,-120,-120,-120,-120,-120,-120,-120,-120,-120,-120,-120,-120,-120,-120,-120,-120,-120,-120,-120,-120,-120,-120,-120,-120,-120,-120,-120,-120,-120,-120,-120,-120,-120,-120,-120,-120,-120,-120,-120,-120,-65.0636,-120,-120,-120,-120,-120,-120,-120,-65.1328,-120,-120,-120,-120,-120,-120,-120,-120,-120,-120,-120,-120,-120,-120,-120,-120,-120,-120,-120,-120,-120,-120,-120,-120,-120,-120,-120,-120,-120,-120,-120,-120,-120,-120,-120,-120,-120,-120,-120,-120,-120,-120,-120,-120,-120,-120,-120,-120,-120,-120,-120,-120,-120,-120,-120,-120,-120,-120,-120,-120,-120,-120,-120,-120,-120,-120,-120,-120,-120,-120,-120,-120,-120,-120,-120,-120,-120,-120,-120,-120,-120,-120,-120,-120,-120,-120,-120,-120,-120,-120,-120
92,-120,-120,-120,-120,-120,-120,-120,-120,-120,-120,-120,-120,-120,-120,-120,-120,-120,-120,-120,-120,-120,-120,-120,-120,-120,-120,-120,-120,-120,-120,-120,-120,-120,-120,-120,-120,-120,-120,-120,-120,-120,-120,-120,-120,-120,-120,-120,-120,-120,-120,-120,-120,-120,-120,-120,-120,-120,-120,-120,-120,-120,-120,-120,-120,-120,-120,-120,-120,-120,-120,-120,-120,-120,-120,-120,-120,-120,-120,-120,-120,-120,-120,-120,-120,-120,-120,-120,-120,-120,-120,-120,-120,-120,-120,-120,-120,-120,-120,-120,-120,-120,-120,-120,-120,-120,-120,-120,-120,-120,-120,-120,-120,-120,-120,-120,-120,-120,-120,-120,-120,-120,-120,-120,-120,-120,-120,-120,-120,-120,-120,-120,-120,-120,-120,-120,-120,-120,-120,-120,-120,-120,-120,-120,-120,-120,-120,-120,-120,-120,-120,-120,-120,-120,-120,-120,-120,-120,-120,-120,-120,-120,-120,-120,-120,-120,-120,-120,-120,-120,-120,-120,-120,-120,-120,-120,-120,-120,-120,-120,-120,-120,-120,-120,-120,-120,-120,-120,-120,-120,-120,-120,-120,-120,-120,-120,-120,-120,-120,-120,-120,-120,-120,-120,-120,-120,-120,-120,-120,-120,-120,-120,-120,-120,-120,-120,-120,-120,-120,-120,-120,-120,-120,-120,-120,-120,-120
96,-120,-120,-120,-120,-120,-120,-120,-120,-120,-120,-120,-120,-120,-120,-120,-120,-120,-120,-120,-120,-120,-120,-120,-120,-120,-120,-120,-120,-120,-120,-120,-120,-120,-120,-120,-120,-120,-120,-120,-120,-120,-120,-120,-120,-120,-120,-120,-120,-120,-120,-120,-120,-120,-120,-120,-120,-120,-120,-120,-120,-120,-120,-120,-120,-120,-120,-120,-120,-120,-120,-120,-120,-120,-120,-120,-120,-120,-120,-120,-120,-120,-120,-120,-120,-120,-120,-120,-120,-120,-120,-120,-120,-120,-120,-120,-120,-120,-120,-120,-120,-120,-120,-120,-120,-120,-120,-120,-120,-120,-120,-120,-120,-120,-120,-120,-120,-120,-120,-120,-120,-120,-120,-120,-120,-120,-120,-120,-120,-120,-120,-120,-120,-120,-120,-120,-120,-120,-120,-120,-120,-120,-120,-120,-120,-120,-120,-120,-120,-120,-120,-120,-120,-120,-120,-120,-120,-120,-120,-120,-120,-120,-120,-120,-120,-120,-120,-120,-120,-120,-120,-120,-120,-120,-120,-120,-120,-120,-120,-120,-120,-120,-120,-120,-120,-120,-120,-120,-120,-120,-120,-120,-120,-120,-120,-120,-120,-120,-120,-120,-120,-120,-120,-120,-120,-120,-120,-120,-120,-120,-120,-120,-120,-120,-120,-120,-120,-120,-120,-120,-120,-120,-120,-120,-120,-120,-120
100,-120,-120,-120,-120,-120,-120,-120,-120,-120,-120,-120,-120,-120,-120,-120,-120,-120,-120,-120,-120,-120,-120,-120,-120,-120,-120,-120,-120,-120,-120,-120,-120,-120,-120,-120,-120,-120,-120,-120,-120,-120,-120,-120,-120,-120,-120,-120,-120,-120,-120,-120,-120,-120,-120,-120,-120,-120,-120,-120,-120,-120,-120,-120,-120,-120,-120,-120,-120,-120,-120,-120,-120,-120,-120,-120,-120,-120,-120,-120,-120,-120,-120,-120,-120,-120,-120,-120,-120,-120,-120,-120,-120,-120,-120,-120,-120,-120,-120,-120,-120,-120,-120,-120,-120,-120,-120,-120,-120,-120,-120,-120,-120,-120,-120,-120,-120,-120,-120,-120,-120,-120,-120,-120,-120,-120,-120,-120,-120,-120,-120,-120,-120,-120,-120,-120,-120,-120,-120,-120,-120,-120,-120,-120,-120,-120,-120,-120,-120,-120,-120,-120,-120,-120,-120,-120,-120,-120,-120,-120,-120,-120,-120,-120,-120,-120,-120,-120,-120,-120,-120,-120,-120,-120,-120,-120,-120,-120,-120,-120,-120,-120,-120,-120,-120,-120,-120,-120,-120,-120,-120,-120,-120,-120,-120,-120,-120,-120,-120,-120,-120,-120,-120,-120,-120,-120,-120,-120,-120,-120,-120,-120,-120,-120,-120,-120,-120,-120,-120,-120,-120,-120,-120,-120,-120,-120,-120
104,-120,-120,-120,-120,-120,-120,-120,-120,-120,-120,-120,-120,-120,-120,-120,-120,-120,-120,-120,-120,-120,-120,-120,-120,-120,-120,-120,-120,-120,-120,-120,-120,-120,-120,-120,-120,-120,-120,-120,-120,-120,-120,-120,-120,-120,-120,-120,-120,-120,-120,-120,-120,-120,-120,-120,-120,-120,-120,-120,-120,-120,-120,-120,-120,-120,-120,-120,-120,-120,-120,-120,-120,-120,-120,-120,-120,-120,-120,-120,-120,-120,-120,-120,-120,-120,-120,-120,-120,-120,-120,-120,-120,-120,-120,-120,-120,-120,-120,-120,-120,-120,-120,-120,-120,-120,-120,-120,-120,-120,-120,-120,-120,-120,-120,-120,-120,-120,-120,-120,-120,-120,-120,-120,-120,-120,-120,-120,-120,-120,-120,-120,-120,-120,-120,-120,-120,-120,-120,-120,-120,-120,-120,-120,-120,-120,-120,-120,-120,-120,-120,-120,-120,-120,-120,-120,-120,-120,-120,-120,-120,-120,-120,-120,-120,-120,-120,-120,-120,-120,-120,-120,-120,-120,-120,-120,-120,-120,-120,-120,-120,-120,-120,-120,-120,-120,-120,-120,-120,-120,-120,-120,-120,-120,-120,-120,-120,-120,-120,-120,-120,-120,-120,-120,-120,-120,-120,-120,-120,-120,-120,-120,-120,-120,-120,-120,-120,-120,-120,-120,-120,-120,-120,-120,-120,-120,-120
108,-120,-120,-120,-120,-120,-120,-120,-120,-120,-120,-120,-120,-120,-120,-120,-120,-120,-120,-120,-120,-120,-120,-120,-120,-120,-120,-120,-120,-120,-120,-120,-120,-120,-120,-120,-120,-120,-120,-120,-120,-120,-120,-120,-120,-120,-120,-120,-120,-120,-120,-120,-120,-120,-120,-120,-120,-120,-120,-120,-120,-120,-120,-120,-120,-120,-120,-120,-120,-120,-120,-120,-120,-120,-120,-120,-120,-120,-120,-120,-120,-120,-120,-120,-120,-120,-120,-120,-120,-120,-120,-120,-120,-120,-120,-120,-120,-120,-120,-120,-120,-120,-120,-120,-120,-120,-120,-120,-120,-120,-120,-120,-120,-120,-120,-120,-120,-120,-120,-120,-120,-120,-120,-120,-120,-120,-120,-120,-120,-120,-120,-120,-120,-120,-120,-120,-120,-120,-120,-120,-120,-120,-120,-120,-120,-120,-120,-120,-120,-120,-120,-120,-120,-120,-120,-120,-120,-120,-120,-120,-120,-120,-120,-120,-120,-120,-120,-120,-120,-120,-120,-120,-120,-120,-120,-120,-120,-120,-120,-120,-120,-120,-120,-120,-120,-120,-120,-120,-120,-120,-120,-120,-120,-120,-120,-120,-120,-120,-120,-120,-120,-120,-120,-120,-120,-120,-120,-120,-120,-120,-120,-120,-120,-120,-120,-120,-120,-120,-120,-120,-120,-120,-120,-120,-120,-120,-120
112,-120,-120,-120,-120,-120,-120,-120,-120,-120,-120,-120,-120,-120,-120,-120,-120,-120,-120,-120,-120,-120,-120,-120,-120,-120,-120,-120,-120,-120,-120,-120,-120,-120,-120,-120,-120,-120,-120,-120,-120,-120,-120,-120,-120,-120,-120,-120,-120,-120,-120,-120,-120,-120,-120,-120,-120,-120,-120,-120,-120,-120,-120,-120,-120,-120,-120,-120,-120,-120,-120,-120,-120,-120,-120,-120,-120,-120,-120,-120,-120,-120,-120,-120,-120,-120,-120,-120,-120,-120,-120,-120,-120,-120,-120,-120,-120,-120,-120,-120,-120,-120,-120,-120,-120,-120,-120,-120,-120,-120,-120,-120,-120,-120,-120,-120,-120,-120,-120,-120,-120,-120,-120,-120,-120,-120,-120,-120,-120,-120,-120,-120,-120,-120,-120,-120,-120,-120,-120,-120,-120,-120,-120,-120,-120,-120,-120,-120,-120,-120,-120,-120,-120,-120,-120,-120,-120,-120,-120,-120,-120,-120,-120,-120,-120,-120,-120,-120,-120,-120,-120,-120,-120,-120,-120,-120,-120,-120,-120,-120,-120,-120,-120,-120,-120,-120,-120,-120,-120,-120,-120,-120,-120,-120,-120,-120,-120,-120,-120,-120,-120,-120,-120,-120,-120,-120,-120,-120,-120,-120,-120,-120,-120,-120,-120,-120,-120,-120,-120,-120,-120,-120,-120,-120,-120,-120,-120
116,-120,-120,-120,-120,-120,-120,-120,-120,-120,-120,-120,-120,-120,-120,-120,-120,-120,-120,-120,-120,-120,-120,-120,-120,-120,-120,-120,-120,-120,-120,-120,-120,-120,-120,-120,-120,-120,-120,-120,-120,-120,-120,-120,-120,-120,-120,-120,-120,-120,-120,-120,-120,-120,-120,-120,-120,-120,-120,-120,-120,-120,-120,-120,-120,-120,-120,-120,-120,-120,-120,-120,-120,-120,-120,-120,-120,-120,-120,-120,-120,-120,-120,-120,-120,-120,-120,-120,-120,-120,-120,-120,-120,-120,-120,-120,-120,-120,-120,-120,-120,-120,-120,-120,-120,-120,-120,-120,-120,-120,-120,-120,-120,-120,-120,-120,-120,-120,-120,-120,-120,-120,-120,-120,-120,-120,-120,-120,-120,-120,-120,-120,-120,-120,-120,-120,-120,-120,-120,-120,-120,-120,-120,-120,-120,-120,-120,-120,-120,-120,-120,-120,-120,-120,-120,-120,-120,-120,-120,-120,-120,-120,-120,-120,-120,-120,-120,-120,-120,-120,-120,-120,-120,-120,-120,-120,-120,-120,-120,-120,-120,-120,-120,-120,-120,-120,-120,-120,-120,-120,-120,-120,-120,-120,-120,-120,-120,-120,-120,-120,-120,-120,-120,-120,-120,-120,-120,-120,-120,-120,-120,-120,-120,-120,-120,-120,-120,-120,-120,-120,-120,-120,-120,-120,-120,-120,-120
120,-120,-120,-120,-120,-120,-120,-120,-120,-120,-120,-120,-120,-120,-120,-120,-120,-120,-120,-120,-120,-120,-120,-120,-120,-120,-120,-120,-120,-120,-120,-120,-120,-120,-120,-120,-120,-120,-120,-120,-120,-120,-120,-120,-120,-120,-120,-120,-120,-120,-120,-120,-120,-120,-120,-120,-120,-120,-120,-120,-120,-120,-120,-120,-120,-120,-120,-120,-120,-120,-120,-120,-120,-120,-120,-120,-120,-120,-120,-120,-120,-120,-120,-120,-120,-120,-120,-120,-120,-120,-120,-120,-120,-120,-120,-120,-120,-120,-120,-120,-120,-120,-120,-120,-120,-120,-120,-120,-120,-120,-120,-120,-120,-120,-120,-120,-120,-120,-120,-120,-120,-120,-120,-120,-120,-120,-120,-120,-120,-120,-120,-120,-120,-120,-120,-120,-120,-120,-120,-120,-120,-120,-120,-120,-120,-120,-120,-120,-120,-120,-120,-120,-120,-120,-120,-120,-120,-120,-120,-120,-120,-120,-120,-120,-120,-120,-120,-120,-120,-120,-120,-120,-120,-120,-120,-120,-120,-120,-120,-120,-120,-120,-120,-120,-120,-120,-120,-120,-120,-120,-120,-120,-120,-120,-120,-120,-120,-120,-120,-120,-120,-120,-120,-120,-120,-120,-120,-120,-120,-120,-120,-120,-120,-120,-120,-120,-120,-120,-120,-120,-120,-120,-120,-120,-120,-120,-120
124,-120,-120,-120,-120,-120,-120,-120,-120,-120,-120,-120,-120,-120,-120,-120,-120,-120,-120,-120,-120,-120,-120,-120,-120,-120,-120,-120,-120,-120,-120,-120,-120,-120,-120,-120,-120,-120,-120,-120,-120,-120,-120,-120,-120,-120,-120,-120,-120,-120,-120,-120,-120,-120,-120,-120,-120,-120,-120,-120,-120,-120,-120,-120,-120,-120,-120,-120,-120,-120,-120,-120,-120,-120,-120,-120,-120,-120,-120,-120,-120,-120,-120,-120,-120,-120,-120,-120,-120,-120,-120,-120,-120,-120,-120,-120,-120,-120,-120,-120,-120,-120,-120,-120,-120,-120,-120,-120,-120,-120,-120,-120,-120,-120,-120,-120,-120,-120,-120,-120,-120,-120,-120,-120,-120,-120,-120,-120,-120,-120,-120,-120,-120,-120,-120,-120,-120,-120,-120,-120,-120,-120,-120,-120,-120,-120,-120,-120,-120,-120,-120,-120,-120,-120,-120,-120,-120,-120,-120,-120,-120,-120,-120,-120,-120,-120,-120,-120,-120,-120,-120,-120,-120,-120,-120,-120,-120,-120,-120,-120,-120,-120,-120,-120,-120,-120,-120,-120,-120,-120,-120,-120,-120,-120,-120,-120,-120,-120,-120,-120,-120,-120,-120,-120,-120,-120,-120,-120,-120,-120,-120,-120,-120,-120,-120,-120,-120,-120,-120,-120,-120,-120,-120,-120,-120,-120,-120
128,-120,-120,-120,-120,-120,-120,-120,-120,-120,-120,-120,-120,-120,-120,-120,-120,-120,-120,-120,-120,-120,-120,-120,-120,-120,-120,-120,-120,-120,-120,-120,-120,-120,-120,-120,-120,-120,-120,-120,-120,-120,-120,-120,-120,-120,-120,-120,-120,-120,-120,-120,-120,-120,-120,-120,-120,-120,-120,-120,-120,-120,-120,-120,-120,-120,-120,-120,-120,-120,-120,-120,-120,-120,-120,-120,-120,-120,-120,-120,-120,-120,-120,-120,-120,-120,-120,-120,-120,-120,-120,-120,-120,-120,-120,-120,-120,-120,-120,-120,-120,-120,-120,-120,-120,-120,-120,-120,-120,-120,-120,-120,-120,-120,-120,-120,-120,-120,-120,-120,-120,-120,-120,-120,-120,-120,-120,-120,-120,-120,-120,-120,-120,-120,-120,-120,-120,-120,-120,-120,-120,-120,-120,-120,-120,-120,-120,-120,-120,-120,-120,-120,-120,-120,-120,-120,-120,-120,-120,-120,-120,-120,-120,-120,-120,-120,-120,-120,-120,-120,-120,-120,-120,-120,-120,-120,-120,-120,-120,-120,-120,-120,-120,-120,-120,-120,-120,-120,-120,-120,-120,-120,-120,-120,-120,-120,-120,-120,-120,-120,-120,-120,-120,-120,-120,-120,-120,-120,-120,-120,-120,-120,-120,-120,-120,-120,-120,-120,-120,-120,-120,-120,-120,-120,-120,-120,-120
132,-120,-120,-120,-120,-120,-120,-120,-120,-120,-120,-120,-120,-120,-120,-120,-120,-120,-120,-120,-120,-120,-120,-120,-120,-120,-120,-120,-120,-120,-120,-120,-120,-120,-120,-120,-120,-120,-120,-120,-120,-120,-120,-120,-120,-120,-120,-120,-120,-120,-120,-120,-120,-120,-120,-120,-120,-120,-120,-120,-120,-120,-120,-120,-120,-120,-120,-120,-120,-120,-120,-120,-120,-120,-120,-120,-120,-120,-120,-120,-120,-120,-120,-120,-120,-120,-120,-120,-120,-120,-120,-120,-120,-120,-120,-120,-120,-120,-120,-120,-120,-120,-120,-120,-120,-120,-120,-120,-120,-120,-120,-120,-120,-120,-120,-120,-120,-120,-120,-120,-120,-120,-120,-120,-120,-120,-120,-120,-120,-120,-120,-120,-120,-120,-120,-120,-120,-120,-120,-120,-120,-120,-120,-120,-120,-120,-120,-120,-120,-120,-120,-120,-120,-120,-120,-120,-120,-120,-120,-120,-120,-120,-120,-120,-120,-120,-120,-120,-120,-120,-120,-120,-120,-120,-120,-120,-120,-120,-120,-120,-120,-120,-120,-120,-120,-120,-120,-120,-120,-120,-120,-120,-120,-120,-120,-120,-120,-120,-120,-120,-120,-120,-120,-120,-120,-120,-120,-120,-120,-120,-120,-120,-120,-120,-120,-120,-120,-120,-120,-120,-120,-120,-120,-120,-120,-120,-120
136,-120,-120,-120,-120,-120,-120,-120,-120,-120,-120,-120,-120,-120,-120,-120,-120,-120,-120,-120,-120,-120,-120,-120,-120,-120,-120,-120,-120,-120,-120,-120,-120,-120,-120,-120,-120,-120,-120,-120,-120,-120,-120,-120,-120,-120,-120,-120,-120,-120,-120,-120,-120,-120,-120,-120,-120,-120,-120,-120,-120,-120,-120,-120,-120,-120,-120,-120,-120,-120,-120,-120,-120,-120,-120,-120,-120,-120,-120,-120,-120,-120,-120,-120,-120,-120,-120,-120,-120,-120,-120,-120,-120,-120,-120,-120,-120,-120,-120,-120,-120,-120,-120,-120,-120,-120,-120,-120,-120,-120,-120,-120,-120,-120,-120,-120,-120,-120,-120,-120,-120,-120,-120,-120,-120,-120,-120,-120,-120,-120,-120,-120,-120,-120,-120,-120,-120,-120,-120,-120,-120,-120,-120,-120,-120,-120,-120,-120,-120,-120,-120,-120,-120,-120,-120,-120,-120,-120,-120,-120,-120,-120,-120,-120,-120,-120,-120,-120,-120,-120,-120,-120,-120,-120,-120,-120,-120,-120,-120,-120,-120,-120,-120,-120,-120,-120,-120,-120,-120,-120,-120,-120,-120,-120,-120,-120,-120,-120,-120,-120,-120,-120,-120,-120,-120,-120,-120,-120,-120,-120,-120,-120,-120,-120,-120,-120,-120,-120,-120,-120,-120,-120,-120,-120,-120,-120,-120
140,-120,-120,-120,-120,-120,-120,-120,-120,-120,-120,-120,-120,-120,-120,-120,-120,-120,-120,-120,-120,-120,-120,-120,-120,-120,-120,-120,-120,-120,-120,-120,-120,-120,-120,-120,-120,-120,-120,-120,-120,-120,-120,-120,-120,-120,-120,-120,-120,-120,-120,-120,-120,-120,-120,-120,-120,-120,-120,-120,-120,-120,-120,-120,-120,-120,-120,-120,-120,-120,-120,-120,-120,-120,-120,-120,-120,-120,-120,-120,-120,-120,-120,-120,-120,-120,-120,-120,-120,-120,-120,-120,-120,-120,-120,-120,-120,-120,-120,-120,-120,-120,-120,-120,-120,-120,-120,-120,-120,-120,-120,-120,-120,-120,-120,-120,-120,-120,-120,-120,-120,-120,-120,-120,-120,-120,-120,-120,-120,-120,-120,-120,-120,-120,-120,-120,-120,-120,-120,-120,-120,-120,-120,-120,-120,-120,-120,-120,-120,-120,-120,-120,-120,-120,-120,-120,-120,-120,-120,-120,-120,-120,-120,-120,-120,-120,-120,-120,-120,-120,-120,-120,-120,-120,-120,-120,-120,-120,-120,-120,-120,-120,-120,-120,-120,-120,-120,-120,-120,-120,-120,-120,-120,-120,-120,-120,-120,-120,-120,-120,-120,-120,-120,-120,-120,-120,-120,-120,-120,-120,-120,-120,-120,-120,-120,-120,-120,-120,-120,-120,-120,-120,-120,-120,-120,-120,-120
144,-120,-120,-120,-120,-120,-120,-120,-120,-120,-120,-120,-120,-120,-120,-120,-120,-120,-120,-120,-120,-120,-120,-120,-120,-120,-120,-120,-120,-120,-120,-120,-120,-120,-120,-120,-120,-120,-120,-120,-120,-120,-120,-120,-120,-120,-120,-120,-120,-120,-120,-120,-120,-120,-120,-120,-120,-120,-120,-120,-120,-120,-120,-120,-120,-120,-120,-120,-120,-120,-120,-120,-120,-120,-120,-120,-120,-120,-120,-120,-120,-120,-120,-120,-120,-120,-120,-120,-120,-120,-120,-120,-120,-120,-120,-120,-120,-120,-120,-120,-120,-120,-120,-120,-120,-120,-120,-120,-120,-120,-120,-120,-120,-120,-120,-120,-120,-120,-120,-120,-120,-120,-120,-120,-120,-120,-120,-120,-120,-120,-120,-120,-120,-120,-120,-120,-120,-120,-120,-120,-120,-120,-120,-120,-120,-120,-120,-120,-120,-120,-120,-120,-120,-120,-120,-120,-120,-120,-120,-120,-120,-120,-120,-120,-120,-120,-120,-120,-120,-120,-120,-120,-120,-120,-120,-120,-120,-120,-120,-120,-120,-120,-120,-120,-120,-120,-120,-120,-120,-120,-120,-120,-120,-120,-120,-120,-120,-120,-120,-120,-120,-120,-120,-120,-120,-120,-120,-120,-120,-120,-120,-120,-120,-120,-120,-120,-120,-120,-120,-120,-120,-120,-120,-120,-120,-120,-120
148,-120,-120,-120,-120,-120,-120,-120,-120,-120,-120,-120,-120,-120,-120,-120,-120,-120,-120,-120,-120,-120,-120,-120,-120,-120,-120,-120,-120,-120,-120,-120,-120,-120,-120,-120,-120,-120,-120,-120,-120,-120,-120,-120,-120,-120,-120,-120,-120,-120,-120,-120,-120,-120,-120,-120,-120,-120,-120,-120,-120,-120,-120,-120,-120,-120,-120,-120,-120,-120,-120,-120,-120,-120,-120,-120,-120,-120,-120,-120,-120,-120,-120,-120,-120,-120,-120,-120,-120,-120,-120,-120,-120,-120,-120,-120,-120,-120,-120,-120,-120,-120,-120,-120,-120,-120,-120,-120,-120,-120,-120,-120,-120,-120,-120,-120,-120,-120,-120,-120,-120,-120,-120,-120,-120,-120,-120,-120,-120,-120,-120,-120,-120,-120,-120,-120,-120,-120,-120,-120,-120,-120,-120,-120,-120,-120,-120,-120,-120,-120,-120,-120,-120,-120,-120,-120,-120,-120,-120,-120,-120,-120,-120,-120,-120,-120,-120,-120,-120,-120,-120,-120,-120,-120,-120,-120,-120,-120,-120,-120,-120,-120,-120,-120,-120,-120,-120,-120,-120,-120,-120,-120,-120,-120,-120,-120,-120,-120,-120,-120,-120,-120,-120,-120,-120,-120,-74.8705,-120,-120,-120,-120,-120,-120,-120,-120,-120,-120,-120,-120,-120,-120,-120,-120,-120,-120,-120,-120
152,-120,-120,-120,-120,-120,-120,-120,-120,-120,-120,-120,-120,-120,-120,-120,-120,-120,-120,-120,-120,-120,-120,-120,-120,-120,-120,-120,-120,-120,-120,-120,-120,-120,-120,-120,-120,-120,-120,-120,-120,-120,-120,-120,-120,-120,-120,-120,-120,-120,-120,-120,-120,-120,-120,-120,-120,-120,-120,-120,-120,-120,-120,-120,-120,-120,-120,-120,-120,-120,-120,-120,-120,-120,-120,-120,-120,-120,-120,-120,-120,-120,-120,-120,-120,-120,-120,-120,-120,-120,-120,-120,-120,-120,-120,-120,-120,-120,-120,-120,-120,-120,-120,-120,-120,-120,-120,-120,-120,-120,-120,-120,-120,-120,-120,-120,-120,-120,-120,-120,-120,-120,-120,-120,-120,-120,-120,-120,-120,-120,-120,-120,-120,-120,-120,-120,-120,-120,-120,-120,-120,-120,-120,-120,-120,-120,-120,-120,-120,-120,-120,-120,-120,-120,-120,-120,-120,-120,-120,-120,-120,-120,-120,-120,-120,-120,-120,-120,-120,-120,-120,-120,-120,-120,-120,-120,-120,-120,-120,-120,-120,-120,-120,-120,-120,-120,-120,-120,-120,-120,-120,-120,-120,-120,-120,-120,-120,-120,-120,-120,-120,-120,-120,-120,-120,-120,-120,-120,-120,-120,-120,-120,-120,-120,-120,-120,-120,-120,-120,-120,-120,-120,-120,-120,-120,-120,-120
156,-120,-120,-120,-120,-120,-120,-120,-120,-120,-120,-120,-120,-120,-120,-120,-120,-120,-120,-120,-120,-120,-120,-120,-120,-120,-120,-120,-120,-120,-120,-120,-120,-120,-120,-120,-120,-120,-120,-120,-120,-120,-120,-120,-120,-120,-120,-120,-120,-120,-120,-120,-120,-120,-120,-120,-120,-120,-120,-120,-120,-120,-120,-120,-120,-120,-120,-120,-120,-120,-120,-120,-120,-120,-120,-120,-120,-120,-120,-120,-120,-120,-120,-120,-120,-120,-120,-120,-120,-120,-120,-120,-120,-120,-120,-120,-120,-120,-120,-120,-120,-120,-120,-120,-120,-120,-120,-120,-120,-120,-120,-120,-120,-120,-120,-120,-120,-120,-120,-120,-120,-120,-120,-120,-120,-120,-120,-120,-120,-120,-120,-120,-120,-120,-120,-120,-120,-120,-120,-120,-120,-120,-120,-120,-120,-120,-120,-120,-120,-120,-120,-120,-120,-120,-120,-120,-120,-120,-120,-120,-120,-120,-120,-120,-120,-120,-120,-120,-120,-120,-120,-120,-120,-120,-120,-120,-120,-120,-120,-120,-120,-120,-120,-120,-120,-120,-120,-120,-120,-120,-120,-120,-120,-120,-120,-120,-120,-120,-120,-120,-120,-120,-120,-120,-120,-120,-120,-120,-120,-120,-120,-120,-120,-120,-120,-120,-120,-120,-120,-120,-120,-120,-120,-120,-120,-120,-120
160,-120,-120,-120,-120,-120,-120,-120,-120,-120,-120,-120,-120,-120,-120,-120,-120,-120,-120,-120,-120,-120,-120,-120,-120,-120,-120,-120,-120,-120,-120,-120,-120,-120,-120,-120,-120,-120,-120,-120,-120,-120,-120,-120,-120,-120,-120,-120,-120,-120,-120,-120,-120,-120,-120,-120,-120,-120,-120,-120,-120,-120,-120,-120,-120,-120,-120,-120,-120,-120,-120,-120,-120,-120,-120,-120,-120,-120,-120,-120,-120,-120,-120,-120,-120,-120,-120,-120,-120,-120,-120,-120,-120,-120,-120,-120,-120,-120,-120,-120,-120,-120,-120,-120,-120,-120,-120,-120,-120,-120,-120,-120,-120,-120,-120,-120,-120,-120,-120,-120,-120,-120,-120,-120,-120,-120,-120,-120,-120,-120,-120,-120,-120,-120,-120,-120,-120,-120,-120,-120,-120,-120,-120,-120,-120,-120,-120,-120,-120,-120,-120,-120,-120,-120,-120,-120,-120,-120,-120,-120,-120,-120,-120,-120,-120,-120,-120,-120,-120,-120,-120,-120,-120,-120,-120,-120,-120,-120,-120,-120,-120,-120,-120,-120,-120,-120,-120,-120,-120,-120,-120,-120,-120,-120,-120,-120,-120,-120,-120,-120,-120,-120,-120,-120,-120,-120,-120,-120,-120,-120,-120,-120,-120,-120,-120,-120,-120,-120,-120,-120,-120,-120,-120,-120,-120,-120,-120
164,-120,-120,-120,-120,-120,-120,-120,-120,-120,-120,-120,-120,-120,-120,-120,-120,-120,-120,-120,-120,-120,-120,-120,-120,-120,-120,-120,-120,-120,-120,-120,-120,-120,-120,-120,-120,-120,-120,-120,-120,-120,-120,-120,-120,-120,-120,-120,-120,-120,-120,-120,-120,-120,-120,-120,-120,-120,-120,-120,-120,-120,-120,-120,-120,-120,-120,-120,-120,-120,-120,-120,-120,-120,-120,-120,-120,-120,-120,-120,-120,-120,-120,-120,-120,-120,-120,-120,-120,-120,-120,-120,-120,-120,-120,-120,-120,-120,-120,-120,-120,-120,-120,-120,-120,-120,-120,-120,-120,-120,-120,-120,-120,-120,-120,-120,-120,-120,-120,-120,-120,-120,-120,-120,-120,-120,-120,-120,-120,-120,-120,-120,-120,-120,-120,-120,-120,-120,-120,-120,-120,-120,-120,-120,-120,-120,-120,-120,-120,-120,-120,-120,-120,-120,-120,-120,-120,-120,-120,-120,-120,-120,-120,-120,-120,-120,-120,-120,-120,-120,-120,-120,-120,-120,-120,-120,-120,-120,-120,-120,-120,-120,-120,-120,-120,-120,-120,-120,-120,-120,-120,-120,-120,-120,-120,-120,-120,-120,-120,-120,-120,-120,-120,-120,-120,-120,-120,-120,-120,-120,-120,-120,-120,-120,-120,-120,-120,-120,-120,-120,-120,-120,-120,-120,-120,-120,-120
168,-120,-120,-120,-120,-120,-120,-120,-120,-120,-120,-120,-120,-120,-120,-120,-120,-120,-120,-120,-120,-120,-120,-120,-120,-120,-120,-120,-120,-120,-120,-120,-120,-120,-120,-120,-120,-120,-120,-120,-120,-120,-120,-120,-120,-120,-120,-120,-120,-120,-120,-120,-120,-120,-120,-120,-120,-120,-120,-120,-120,-120,-120,-120,-120,-120,-120,-120,-120,-120,-120,-120,-120,-120,-120,-120,-120,-120,-120,-120,-120,-120,-120,-120,-120,-120,-120,-120,-120,-120,-120,-120,-120,-120,-120,-120,-120,-120,-120,-120,-120,-120,-120,-120,-120,-120,-120,-120,-120,-120,-120,-120,-120,-120,-120,-120,-120,-120,-120,-120,-120,-120,-120,-120,-120,-120,-120,-120,-120,-120,-120,-120,-120,-120,-120,-120,-120,-120,-120,-120,-120,-120,-120,-120,-120,-120,-120,-120,-120,-120,-120,-120,-120,-120,-120,-120,-120,-120,-120,-120,-120,-120,-120,-120,-120,-120,-120,-120,-120,-120,-120,-120,-120,-120,-120,-120,-120,-120,-120,-120,-120,-120,-120,-120,-120,-120,-120,-120,-120,-120,-120,-120,-120,-120,-120,-120,-120,-120,-120,-120,-120,-120,-120,-120,-120,-120,-120,-120,-120,-120,-120,-120,-120,-120,-120,-120,-120,-120,-120,-120,-120,-120,-120,-120,-120,-120,-120
172,-120,-120,-120,-120,-120,-120,-120,-120,-120,-120,-120,-120,-120,-120,-120,-120,-120,-120,-120,-120,-120,-120,-120,-120,-120,-120,-120,-120,-120,-120,-120,-120,-120,-120,-120,-120,-120,-120,-120,-120,-120,-120,-120,-120,-120,-120,-120,-120,-120,-120,-120,-120,-120,-120,-120,-120,-120,-120,-120,-120,-120,-120,-120,-120,-120,-120,-120,-120,-120,-120,-120,-120,-120,-120,-120,-120,-120,-120,-120,-120,-120,-120,-120,-120,-120,-120,-120,-120,-120,-120,-120,-120,-120,-120,-120,-120,-120,-120,-120,-120,-120,-120,-120,-120,-120,-120,-120,-120,-120,-120,-120,-120,-120,-120,-120,-120,-120,-120,-120,-120,-120,-120,-120,-120,-120,-120,-120,-120,-120,-120,-120,-120,-120,-120,-120,-120,-120,-120,-120,-120,-120,-120,-120,-120,-120,-120,-120,-120,-120,-120,-120,-120,-120,-120,-120,-120,-120,-120,-120,-120,-120,-120,-120,-120,-120,-120,-120,-120,-120,-120,-120,-120,-120,-120,-120,-120,-120,-120,-120,-120,-120,-120,-120,-120,-120,-120,-120,-120,-120,-120,-120,-120,-120,-120,-120,-120,-120,-120,-120,-120,-120,-120,-120,-120,-120,-120,-120,-120,-120,-120,-120,-120,-120,-120,-120,-120,-120,-120,-120,-120,-120,-120,-120,-120,-120,-120
176,-120,-120,-120,-120,-120,-120,-120,-120,-120,-120,-120,-120,-120,-120,-120,-120,-120,-120,-120,-120,-120,-120,-120,-120,-120,-120,-120,-120,-120,-120,-120,-120,-120,-120,-120,-120,-120,-120,-120,-120,-120,-120,-120,-120,-120,-120,-120,-120,-120,-120,-120,-120,-120,-120,-120,-120,-120,-120,-120,-120,-120,-120,-120,-120,-120,-120,-120,-120,-120,-120,-120,-120,-120,-120,-120,-120,-120,-120,-120,-120,-120,-120,-120,-120,-120,-120,-120,-120,-120,-120,-120,-120,-120,-120,-120,-120,-120,-120,-120,-120,-120,-120,-120,-120,-120,-120,-120,-120,-120,-120,-120,-120,-120,-120,-120,-120,-120,-120,-120,-120,-120,-120,-120,-120,-120,-120,-120,-120,-120,-120,-120,-120,-120,-120,-120,-120,-120,-120,-120,-120,-120,-120,-120,-120,-120,-120,-120,-120,-120,-120,-120,-120,-120,-120,-120,-120,-120,-120,-120,-120,-120,-120,-120,-120,-120,-120,-120,-120,-120,-120,-120,-120,-120,-120,-120,-120,-120,-120,-120,-120,-120,-120,-120,-120,-120,-120,-120,-120,-120,-120,-120,-120,-120,-120,-120,-120,-120,-120,-120,-120,-120,-120,-120,-120,-120,-120,-120,-120,-120,-120,-120,-120,-120,-120,-120,-120,-120,-120,-120,-120,-120,-120,-120,-120,-120,-120
180,-120,-120,-120,-120,-120,-120,-120,-120,-120,-120,-120,-120,-120,-120,-120,-120,-120,-120,-120,-120,-120,-120,-120,-120,-120,-120,-120,-120,-120,-120,-120,-120,-120,-120,-120,-120,-120,-120,-120,-120,-120,-120,-120,-120,-120,-120,-120,-120,-120,-120,-120,-120,-120,-120,-120,-120,-120,-120,-120,-120,-120,-120,-120,-120,-120,-120,-120,-120,-120,-120,-120,-120,-120,-120,-120,-120,-120,-120,-120,-120,-120,-120,-120,-120,-120,-120,-120,-120,-120,-120,-120,-120,-120,-120,-120,-120,-120,-120,-120,-120,-120,-120,-120,-120,-120,-120,-120,-120,-120,-120,-120,-120,-120,-120,-120,-120,-120,-120,-120,-120,-120,-120,-120,-120,-120,-120,-120,-120,-120,-120,-120,-120,-120,-120,-120,-120,-120,-120,-120,-120,-120,-120,-120,-120,-120,-120,-120,-120,-120,-120,-120,-120,-120,-120,-120,-120,-120,-120,-120,-120,-120,-120,-120,-120,-120,-120,-120,-120,-120,-120,-120,-120,-120,-120,-120,-120,-120,-120,-120,-120,-120,-120,-120,-120,-120,-120,-120,-120,-120,-120,-120,-120,-120,-120,-120,-120,-120,-120,-120,-120,-120,-120,-120,-120,-120,-120,-120,-120,-120,-120,-120,-120,-120,-120,-120,-120,-120,-120,-120,-120,-120,-120,-120,-120,-120,-120
184,-120,-120,-120,-120,-120,-120,-120,-120,-120,-120,-120,-120,-120,-120,-120,-120,-120,-120,-120,-120,-120,-120,-120,-120,-120,-120,-120,-120,-120,-120,-120,-120,-120,-120,-120,-120,-120,-120,-120,-120,-120,-120,-120,-120,-120,-120,-120,-120,-120,-120,-120,-120,-120,-120,-120,-120,-120,-120,-120,-120,-120,-120,-120,-120,-120,-120,-120,-120,-120,-120,-120,-120,-120,-120,-120,-120,-120,-120,-120,-120,-120,-120,-120,-120,-120,-120,-120,-120,-120,-120,-120,-120,-120,-120,-120,-120,-120,-120,-120,-120,-120,-120,-120,-120,-120,-120,-120,-120,-120,-120,-120,-120,-120,-120,-120,-120,-120,-120,-120,-120,-120,-120,-120,-120,-120,-120,-120,-120,-120,-120,-120,-120,-120,-120,-120,-120,-120,-120,-120,-120,-120,-120,-120,-120,-120,-120,-120,-120,-120,-120,-120,-120,-120,-120,-120,-120,-120,-120,-120,-120,-120,-120,-120,-120,-120,-120,-120,-120,-120,-120,-120,-120,-120,-120,-120,-120,-120,-120,-120,-120,-120,-120,-120,-120,-120,-120,-120,-120,-120,-120,-120,-120,-120,-120,-120,-120,-120,-120,-120,-120,-120,-120,-120,-120,-120,-120,-120,-120,-120,-120,-120,-120,-120,-120,-120,-120,-120,-120,-120,-120,-120,-120,-120,-120,-120,-120
188,-120,-120,-120,-120,-120,-120,-120,-120,-120,-120,-120,-120,-120,-120,-120,-120,-120,-120,-120,-120,-120,-120,-120,-120,-120,-120,-120,-120,-120,-120,-120,-120,-120,-120,-120,-120,-120,-120,-120,-120,-120,-120,-120,-120,-120,-120,-120,-120,-120,-120,-120,-120,-120,-120,-120,-120,-120,-120,-120,-120,-120,-120,-120,-120,-120,-120,-120,-120,-120,-120,-120,-120,-120,-120,-120,-120,-120,-120,-120,-120,-120,-120,-120,-120,-120,-120,-120,-120,-120,-120,-120,-120,-120,-120,-120,-77.2665,-120,-120,-120,-120,-120,-120,-120,-120,-120,-120,-120,-120,-120,-120,-120,-120,-120,-120,-120,-120,-120,-120,-120,-120,-120,-120,-120,-120,-120,-120,-120,-120,-120,-120,-120,-120,-120,-120,-120,-120,-120,-120,-120,-120,-120,-120,-81.5592,-120,-120,-120,-120,-120,-120,-120,-120,-120,-120,-120,-120,-120,-120,-120,-120,-120,-120,-120,-120,-120,-120,-120,-120,-120,-120,-120,-120,-120,-120,-120,-120,-120,-120,-120,-120,-120,-120,-120,-120,-120,-120,-120,-120,-120,-120,-120,-120,-120,-120,-120,-120,-120,-120,-120,-120,-120,-120,-120,-120,-120,-120,-120,-120,-120,-120,-120,-120,-120,-120,-120,-120,-120,-120,-120,-120,-120,-120,-120,-120,-120,-120,-120
192,-120,-120,-120,-120,-120,-120,-120,-120,-120,-120,-120,-120,-120,-120,-120,-120,-120,-120,-120,-120,-120,-120,-120,-120,-120,-120,-120,-120,-120,-120,-120,-120,-120,-120,-120,-120,-120,-120,-120,-120,-120,-120,-120,-120,-120,-120,-120,-120,-120,-120,-120,-120,-120,-120,-120,-120,-120,-120,-120,-120,-120,-120,-120,-120,-120,-120,-120,-120,-120,-120,-120,-120,-120,-120,-120,-120,-120,-120,-120,-120,-120,-120,-120,-120,-120,-120,-120,-120,-120,-120,-120,-120,-120,-120,-120,-120,-120,-120,-120,-120,-120,-120,-120,-120,-120,-120,-120,-120,-120,-120,-120,-120,-120,-120,-120,-120,-120,-120,-120,-120,-120,-120,-120,-120,-120,-120,-120,-120,-120,-120,-120,-120,-120,-120,-120,-120,-120,-120,-120,-120,-120,-120,-120,-120,-120,-120,-120,-120,-120,-120,-120,-120,-120,-120,-120,-120,-120,-120,-120,-120,-120,-120,-120,-120,-120,-120,-120,-120,-120,-120,-120,-120,-120,-120,-120,-120,-120,-120,-120,-120,-120,-120,-120,-120,-120,-120,-120,-120,-120,-120,-120,-120,-120,-120,-120,-120,-120,-120,-120,-120,-120,-120,-120,-120,-120,-76.603,-120,-120,-120,-120,-120,-120,-120,-120,-120,-120,-120,-120,-120,-120,-120,-120,-120,-120,-120,-120
196,-120,-120,-120,-120,-120,-120,-120,-120,-120,-120,-120,-120,-120,-120,-120,-120,-120,-120,-120,-120,-120,-120,-120,-120,-120,-120,-120,-120,-120,-120,-120,-120,-120,-120,-120,-120,-120,-120,-120,-120,-120,-120,-120,-120,-120,-120,-120,-120,-120,-120,-120,-120,-120,-120,-120,-120,-120,-120,-120,-120,-120,-120,-120,-120,-120,-120,-120,-120,-120,-120,-120,-120,-120,-120,-120,-120,-120,-120,-120,-120,-120,-120,-120,-120,-120,-120,-120,-120,-120,-120,-120,-120,-120,-120,-120,-120,-120,-120,-120,-120,-120,-120,-120,-120,-120,-120,-120,-120,-120,-120,-120,-120,-120,-120,-120,-120,-120,-120,-120,-120,-120,-120,-120,-120,-120,-120,-120,-120,-120,-120,-120,-120,-120,-120,-120,-120,-120,-120,-120,-120,-120,-120,-120,-120,-120,-120,-120,-120,-120,-120,-120,-120,-120,-120,-120,-120,-120,-120,-120,-120,-120,-120,-120,-120,-120,-120,-120,-120,-120,-120,-120,-120,-120,-120,-120,-120,-120,-120,-120,-120,-120,-120,-120,-120,-120,-120,-120,-120,-120,-120,-120,-120,-120,-120,-120,-120,-120,-120,-120,-120,-120,-120,-120,-120,-120,-120,-120,-120,-120,-120,-120,-120,-120,-120,-120,-120,-120,-120,-120,-120,-120,-120,-120,-120,-120,-120
200,-120,-120,-120,-120,-120,-120,-120,-120,-120,-120,-120,-120,-120,-120,-120,-120,-120,-120,-120,-120,-120,-120,-120,-120,-120,-120,-120,-120,-120,-120,-120,-120,-120,-120,-120,-120,-120,-120,-120,-120,-120,-120,-120,-120,-120,-120,-120,-120,-120,-120,-120,-120,-120,-120,-120,-120,-120,-120,-120,-120,-120,-120,-120,-120,-120,-120,-120,-120,-120,-120,-120,-120,-120,-120,-120,-120,-120,-120,-120,-120,-120,-120,-120,-120,-120,-120,-120,-120,-120,-120,-120,-120,-120,-120,-120,-120,-120,-120,-120,-120,-120,-120,-120,-120,-120,-120,-120,-120,-120,-120,-120,-120,-120,-120,-120,-120,-120,-120,-120,-120,-120,-120,-120,-120,-120,-120,-120,-120,-120,-120,-120,-120,-120,-120,-120,-120,-120,-120,-120,-120,-120,-120,-120,-120,-120,-120,-120,-120,-120,-120,-120,-120,-120,-120,-120,-120,-120,-120,-120,-120,-120,-120,-120,-120,-120,-120,-120,-120,-120,-120,-120,-120,-120,-120,-120,-120,-120,-120,-120,-120,-120,-120,-120,-120,-120,-120,-120,-120,-120,-120,-120,-120,-120,-120,-120,-120,-120,-120,-120,-120,-120,-120,-120,-120,-120,-120,-120,-120,-120,-120,-120,-120,-120,-120,-120,-120,-120,-120,-120,-120,-120,-120,-120,-120,-120,-120
204,-120,-120,-120,-120,-120,-120,-120,-120,-120,-120,-120,-120,-120,-120,-120,-120,-120,-120,-120,-120,-120,-120,-120,-120,-120,-120,-120,-120,-120,-120,-120,-120,-120,-120,-120,-120,-120,-120,-120,-120,-120,-120,-120,-120,-120,-120,-120,-120,-120,-120,-120,-120,-120,-120,-120,-120,-120,-120,-120,-120,-120,-120,-120,-120,-120,-120,-120,-120,-120,-120,-120,-120,-120,-120,-120,-120,-120,-120,-120,-120,-120,-120,-120,-120,-120,-120,-120,-120,-120,-120,-120,-120,-120,-120,-120,-120,-120,-120,-120,-120,-120,-120,-120,-120,-120,-120,-120,-120,-120,-120,-120,-120,-120,-120,-120,-120,-120,-120,-120,-120,-120,-120,-120,-120,-120,-120,-120,-120,-120,-120,-120,-120,-120,-120,-120,-120,-120,-120,-120,-120,-120,-120,-120,-120,-120,-120,-120,-120,-120,-120,-120,-120,-120,-120,-120,-120,-120,-120,-120,-120,-120,-120,-120,-120,-120,-120,-120,-120,-120,-120,-120,-120,-120,-120,-120,-120,-120,-120,-120,-120,-120,-120,-120,-120,-120,-120,-120,-120,-120,-120,-120,-120,-120,-120,-120,-120,-120,-120,-120,-120,-120,-120,-120,-120,-120,-120,-120,-120,-120,-120,-120,-120,-120,-120,-120,-120,-120,-120,-120,-120,-120,-120,-120,-120,-120,-120
208,-120,-120,-120,-120,-120,-120,-120,-120,-120,-120,-120,-120,-120,-120,-120,-120,-120,-120,-120,-120,-120,-120,-120,-120,-120,-120,-120,-120,-120,-120,-120,-120,-120,-120,-120,-120,-120,-120,-120,-120,-120,-120,-120,-120,-120,-120,-120,-120,-120,-120,-120,-120,-120,-120,-120,-120,-120,-120,-120,-120,-120,-120,-120,-120,-120,-120,-120,-120,-120,-120,-120,-120,-120,-120,-120,-120,-120,-120,-120,-120,-120,-120,-120,-120,-120,-120,-120,-120,-120,-120,-120,-120,-120,-120,-120,-120,-120,-120,-120,-120,-120,-120,-120,-120,-120,-120,-120,-120,-120,-120,-120,-120,-120,-120,-120,-120,-120,-120,-120,-120,-120,-120,-120,-120,-120,-120,-120,-120,-120,-120,-120,-120,-120,-120,-120,-120,-120,-120,-120,-120,-120,-120,-120,-120,-120,-120,-120,-120,-120,-120,-120,-120,-120,-120,-120,-120,-120,-120,-120,-120,-120,-120,-120,-120,-120,-120,-120,-120,-120,-120,-120,-120,-120,-120,-120,-120,-120,-120,-120,-120,-120,-120,-120,-120,-120,-120,-120,-120,-120,-120,-120,-120,-120,-120,-120,-120,-120,-120,-120,-120,-120,-120,-120,-120,-120,-120,-120,-120,-120,-120,-120,-120,-120,-120,-120,-120,-120,-120,-120,-120,-120,-120,-120,-120,-120,-120
212,-120,-120,-120,-120,-120,-120,-120,-120,-120,-120,-120,-120,-120,-120,-120,-120,-120,-120,-120,-120,-120,-120,-120,-120,-120,-120,-120,-120,-120,-120,-120,-120,-120,-120,-120,-120,-120,-120,-120,-120,-120,-120,-120,-120,-120,-120,-120,-120,-120,-120,-120,-120,-120,-120,-120,-120,-120,-120,-120,-120,-120,-120,-120,-120,-120,-120,-120,-120,-120,-120,-120,-120,-120,-120,-120,-120,-120,-120,-120,-120,-120,-120,-120,-120,-120,-120,-120,-120,-120,-120,-120,-120,-120,-120,-120,-120,-120,-120,-120,-120,-120,-120,-120,-120,-120,-120,-120,-120,-120,-120,-120,-120,-120,-120,-120,-120,-120,-120,-120,-120,-120,-120,-120,-120,-120,-120,-120,-120,-120,-120,-120,-120,-120,-120,-120,-120,-120,-120,-120,-120,-120,-120,-120,-120,-120,-120,-120,-120,-120,-120,-120,-120,-120,-120,-120,-120,-120,-120,-120,-120,-120,-120,-120,-120,-120,-120,-120,-120,-120,-120,-120,-120,-120,-120,-120,-120,-120,-120,-120,-120,-120,-120,-120,-120,-120,-120,-120,-120,-120,-120,-120,-120,-120,-120,-120,-120,-120,-120,-120,-120,-120,-120,-120,-120,-120,-120,-120,-120,-120,-120,-120,-120,-120,-120,-120,-120,-120,-120,-120,-120,-120,-120,-120,-120,-120,-120
216,-120,-120,-120,-120,-120,-120,-120,-120,-120,-120,-120,-120,-120,-120,-120,-120,-120,-120,-120,-120,-120,-120,-120,-120,-120,-120,-120,-120,-120,-120,-120,-120,-120,-120,-120,-120,-120,-120,-120,-120,-120,-120,-120,-120,-120,-120,-120,-120,-120,-120,-120,-120,-120,-120,-120,-120,-120,-120,-120,-120,-120,-120,-120,-120,-120,-120,-120,-120,-120,-120,-120,-120,-120,-120,-120,-120,-120,-120,-120,-120,-120,-120,-120,-120,-120,-120,-120,-120,-120,-120,-120,-120,-120,-120,-120,-77.3492,-120,-120,-120,-120,-120,-120,-120,-120,-120,-120,-120,-120,-120,-120,-120,-120,-120,-120,-120,-120,-120,-120,-120,-120,-120,-120,-120,-120,-120,-120,-120,-120,-120,-120,-120,-120,-120,-120,-120,-120,-120,-120,-120,-120,-120,-120,-120,-120,-120,-120,-120,-120,-120,-120,-120,-120,-120,-120,-120,-120,-120,-120,-120,-120,-120,-120,-120,-120,-120,-120,-120,-120,-120,-120,-120,-120,-120,-120,-120,-120,-120,-120,-120,-120,-120,-120,-120,-120,-120,-120,-120,-120,-120,-120,-120,-120,-120,-120,-120,-120,-120,-120,-120,-120,-120,-120,-120,-120,-120,-120,-120,-120,-120,-120,-120,-120,-120,-120,-120,-120,-120,-120,-120,-120,-120,-120,-120,-120,-120,-120
220,-120,-120,-120,-120,-120,-120,-120,-120,-120,-120,-120,-120,-120,-120,-120,-120,-120,-120,-120,-120,-120,-120,-120,-120,-120,-120,-120,-120,-120,-120,-120,-120,-120,-120,-120,-120,-120,-120,-120,-120,-120,-120,-120,-120,-120,-120,-120,-120,-120,-120,-120,-120,-120,-120,-120,-120,-120,-120,-120,-120,-120,-120,-120,-120,-120,-120,-120,-120,-120,-120,-120,-120,-120,-120,-120,-120,-120,-120,-120,-120,-120,-120,-120,-120,-120,-120,-120,-120,-120,-120,-120,-120,-120,-120,-120,-120,-120,-120,-120,-120,-120,-120,-120,-120,-120,-120,-120,-120,-120,-120,-120,-120,-120,-120,-120,-120,-120,-120,-120,-120,-120,-120,-120,-120,-120,-120,-120,-120,-120,-120,-120,-120,-120,-120,-120,-120,-120,-120,-120,-120,-120,-120,-120,-120,-120,-120,-120,-120,-120,-120,-120,-120,-120,-120,-120,-120,-120,-120,-120,-120,-120,-120,-120,-120,-120,-120,-120,-120,-120,-120,-120,-120,-120,-120,-120,-120,-120,-120,-120,-120,-120,-120,-120,-120,-120,-120,-120,-120,-120,-120,-120,-120,-120,-120,-120,-120,-120,-120,-120,-120,-120,-120,-120,-120,-120,-120,-120,-120,-120,-120,-120,-120,-120,-120,-120,-120,-120,-120,-120,-120,-120,-120,-120,-120,-120,-120
224,-120,-120,-120,-120,-120,-120,-120,-120,-120,-120,-120,-120,-120,-120,-120,-120,-120,-120,-120,-120,-120,-120,-120,-120,-120,-120,-120,-120,-120,-120,-120,-120,-120,-120,-120,-120,-120,-120,-120,-120,-120,-120,-120,-120,-120,-120,-120,-120,-120,-120,-120,-120,-120,-120,-120,-120,-120,-120,-120,-120,-120,-120,-120,-120,-120,-120,-120,-120,-120,-120,-120,-120,-120,-120,-120,-120,-120,-120,-120,-120,-120,-120,-120,-120,-120,-120,-120,-120,-120,-120,-120,-120,-120,-120,-120,-120,-120,-120,-120,-120,-120,-120,-120,-120,-120,-120,-120,-120,-120,-120,-120,-120,-120,-120,-120,-120,-120,-120,-120,-120,-120,-120,-120,-120,-120,-120,-120,-120,-120,-120,-120,-120,-120,-120,-120,-120,-120,-120,-120,-120,-120,-120,-120,-120,-120,-120,-120,-120,-120,-120,-120,-120,-120,-120,-120,-120,-120,-120,-120,-120,-120,-120,-120,-120,-120,-120,-120,-120,-120,-120,-120,-120,-120,-120,-120,-120,-120,-120,-120,-120,-120,-120,-120,-120,-120,-120,-120,-120,-120,-120,-120,-120,-120,-120,-120,-120,-120,-120,-120,-120,-120,-120,-120,-120,-120,-120,-120,-120,-120,-120,-120,-120,-120,-120,-120,-120,-120,-120,-120,-120,-120,-120,-120,-120,-120,-120
228,-120,-120,-120,-120,-120,-120,-120,-120,-120,-120,-120,-120,-120,-120,-120,-120,-120,-120,-120,-120,-120,-120,-120,-120,-120,-120,-120,-120,-120,-120,-120,-120,-120,-120,-120,-120,-120,-120,-120,-120,-120,-120,-120,-120,-120,-120,-120,-120,-120,-120,-120,-120,-120,-120,-120,-120,-120,-120,-120,-120,-120,-120,-120,-120,-120,-120,-120,-120,-120,-120,-120,-120,-120,-120,-120,-120,-120,-120,-120,-120,-120,-120,-120,-120,-120,-120,-120,-120,-120,-120,-120,-120,-120,-120,-120,-120,-120,-120,-120,-120,-120,-120,-120,-120,-120,-120,-120,-120,-120,-120,-120,-120,-120,-120,-120,-120,-120,-120,-120,-120,-120,-120,-120,-120,-120,-120,-120,-120,-120,-120,-120,-120,-120,-120,-120,-120,-120,-120,-120,-120,-120,-120,-120,-120,-120,-120,-120,-120,-120,-120,-120,-120,-120,-120,-120,-120,-120,-120,-120,-120,-120,-120,-120,-120,-120,-120,-120,-120,-120,-120,-120,-120,-120,-120,-120,-120,-120,-120,-120,-120,-120,-120,-120,-120,-120,-120,-120,-120,-120,-120,-120,-120,-120,-120,-120,-120,-120,-120,-120,-120,-120,-120,-120,-120,-120,-120,-120,-120,-120,-120,-120,-120,-120,-120,-120,-120,-120,-120,-120,-120,-120,-120,-120,-120,-120,-120
232,-120,-120,-120,-120,-120,-120,-120,-120,-120,-120,-120,-120,-120,-120,-120,-120,-120,-120,-120,-120,-120,-120,-120,-120,-120,-120,-120,-120,-120,-120,-120,-120,-120,-120,-120,-120,-120,-120,-120,-120,-120,-120,-120,-120,-120,-120,-120,-120,-120,-120,-120,-120,-120,-120,-120,-120,-120,-120,-120,-120,-120,-120,-120,-120,-120,-120,-120,-120,-120,-120,-120,-120,-120,-120,-120,-120,-120,-120,-120,-120,-120,-120,-120,-120,-120,-120,-120,-120,-120,-120,-120,-120,-120,-120,-120,-120,-120,-120,-120,-120,-120,-120,-120,-120,-120,-120,-120,-120,-120,-120,-120,-120,-120,-120,-120,-120,-120,-120,-120,-120,-120,-120,-120,-120,-120,-120,-120,-120,-120,-120,-120,-120,-120,-120,-120,-120,-120,-120,-120,-120,-120,-120,-120,-120,-120,-120,-120,-120,-120,-120,-120,-120,-120,-120,-120,-120,-120,-120,-120,-120,-120,-120,-120,-120,-120,-120,-120,-120,-120,-120,-120,-120,-120,-120,-120,-120,-120,-120,-120,-120,-120,-120,-120,-120,-120,-120,-120,-120,-120,-120,-120,-120,-120,-120,-120,-120,-120,-120,-120,-120,-120,-120,-120,-120,-120,-76.243,-120,-120,-120,-120,-120,-120,-120,-120,-120,-120,-120,-120,-120,-120,-120,-120,-120,-120,-120,-120
236,-120,-120,-120,-120,-120,-120,-120,-120,-120,-120,-120,-120,-120,-120,-120,-120,-120,-120,-120,-120,-120,-120,-120,-120,-120,-120,-120,-120,-120,-120,-120,-120,-120,-120,-120,-120,-120,-120,-120,-120,-120,-120,-120,-120,-120,-120,-120,-120,-120,-120,-120,-120,-120,-120,-120,-120,-120,-120,-120,-120,-120,-120,-120,-120,-120,-120,-120,-120,-120,-120,-120,-120,-120,-120,-120,-120,-120,-120,-120,-120,-120,-120,-120,-120,-120,-120,-120,-120,-120,-120,-120,-120,-120,-120,-120,-120,-120,-120,-120,-120,-120,-120,-120,-120,-120,-120,-120,-120,-120,-120,-120,-120,-120,-120,-120,-120,-120,-120,-120,-120,-120,-120,-120,-120,-120,-120,-120,-120,-120,-120,-120,-120,-120,-120,-120,-120,-120,-120,-120,-120,-120,-120,-120,-120,-120,-120,-120,-120,-120,-120,-120,-120,-120,-120,-120,-120,-120,-120,-120,-120,-120,-120,-120,-120,-120,-120,-120,-120,-120,-120,-120,-120,-120,-120,-120,-120,-120,-120,-120,-120,-120,-120,-120,-120,-120,-120,-120,-120,-120,-120,-120,-120,-120,-120,-120,-120,-120,-120,-120,-120,-120,-120,-120,-120,-120,-120,-120,-120,-120,-120,-120,-120,-120,-120,-120,-120,-120,-120,-120,-120,-120,-120,-120,-120,-120,-120
240,-120,-120,-120,-120,-120,-120,-120,-120,-120,-120,-120,-120,-120,-120,-120,-120,-120,-120,-120,-120,-120,-120,-120,-120,-120,-120,-120,-120,-120,-120,-120,-120,-120,-120,-120,-120,-120,-120,-120,-120,-120,-120,-120,-120,-120,-120,-120,-120,-120,-120,-120,-120,-120,-120,-120,-120,-120,-120,-120,-120,-120,-120,-120,-120,-120,-120,-120,-120,-120,-120,-120,-120,-120,-120,-120,-120,-120,-120,-120,-120,-120,-120,-120,-120,-120,-120,-120,-120,-120,-120,-120,-120,-120,-120,-120,-120,-120,-120,-120,-120,-120,-120,-120,-120,-120,-120,-120,-120,-120,-120,-120,-120,-120,-120,-120,-120,-120,-120,-120,-120,-120,-120,-120,-120,-120,-120,-120,-120,-120,-120,-120,-120,-120,-120,-120,-120,-120,-120,-120,-120,-120,-120,-120,-120,-120,-120,-120,-120,-120,-120,-120,-120,-120,-120,-120,-120,-120,-120,-120,-120,-120,-120,-120,-120,-120,-120,-120,-120,-120,-120,-120,-120,-120,-120,-120,-120,-120,-120,-120,-120,-120,-120,-120,-120,-120,-120,-120,-120,-120,-120,-120,-120,-120,-120,-120,-120,-120,-120,-120,-120,-120,-120,-120,-120,-120,-120,-120,-120,-120,-120,-120,-120,-120,-120,-120,-120,-120,-120,-120,-120,-120,-120,-120,-120,-120,-120
244,-120,-120,-120,-120,-120,-120,-120,-120,-120,-120,-120,-120,-120,-120,-120,-120,-120,-120,-120,-120,-120,-120,-120,-120,-120,-120,-120,-120,-120,-120,-120,-120,-120,-120,-120,-120,-120,-120,-120,-120,-120,-120,-120,-120,-120,-120,-120,-120,-120,-120,-120,-120,-120,-120,-120,-120,-120,-120,-120,-120,-120,-120,-120,-120,-120,-120,-120,-120,-120,-120,-120,-120,-120,-120,-120,-120,-120,-120,-120,-120,-120,-120,-120,-120,-120,-120,-120,-120,-120,-120,-120,-120,-120,-120,-120,-120,-120,-120,-120,-120,-120,-120,-120,-120,-120,-120,-120,-120,-120,-120,-120,-120,-120,-120,-120,-120,-120,-120,-120,-120,-120,-120,-120,-120,-120,-120,-120,-120,-120,-120,-120,-120,-120,-120,-120,-120,-120,-120,-120,-120,-120,-120,-120,-120,-120,-120,-120,-120,-120,-120,-120,-120,-120,-120,-120,-120,-120,-120,-120,-120,-120,-120,-120,-120,-120,-120,-120,-120,-120,-120,-120,-120,-120,-120,-120,-120,-120,-120,-120,-120,-120,-120,-120,-120,-120,-120,-120,-120,-120,-120,-120,-120,-120,-120,-120,-120,-120,-120,-120,-120,-120,-120,-120,-120,-120,-120,-120,-120,-120,-120,-120,-120,-120,-120,-120,-120,-120,-120,-120,-120,-120,-120,-120,-120,-120,-120
248,-120,-120,-120,-120,-120,-120,-120,-120,-120,-120,-120,-120,-120,-120,-120,-120,-120,-120,-120,-120,-120,-120,-120,-120,-120,-120,-120,-120,-120,-120,-120,-120,-120,-120,-120,-120,-120,-120,-120,-120,-120,-120,-120,-120,-120,-120,-120,-120,-120,-120,-120,-120,-120,-120,-120,-120,-120,-120,-120,-120,-120,-120,-120,-120,-120,-120,-120,-120,-120,-120,-120,-120,-120,-120,-120,-120,-120,-120,-120,-120,-120,-120,-120,-120,-120,-120,-120,-120,-120,-120,-120,-120,-120,-120,-120,-120,-120,-120,-120,-120,-120,-120,-120,-120,-120,-120,-120,-120,-120,-120,-120,-120,-120,-120,-120,-120,-120,-120,-120,-120,-120,-120,-120,-120,-120,-120,-120,-120,-120,-120,-120,-120,-120,-120,-120,-120,-120,-120,-120,-120,-120,-120,-120,-120,-120,-120,-120,-120,-120,-120,-120,-120,-120,-120,-120,-120,-120,-120,-120,-120,-120,-120,-120,-120,-120,-120,-120,-120,-120,-120,-120,-120,-120,-120,-120,-120,-120,-120,-120,-120,-120,-120,-120,-120,-120,-120,-120,-120,-120,-120,-120,-120,-120,-120,-120,-120,-120,-120,-120,-120,-120,-120,-120,-120,-120,-120,-120,-120,-120,-120,-120,-120,-120,-120,-120,-120,-120,-120,-120,-120,-120,-120,-120,-120,-120,-120
252,-120,-120,-120,-120,-120,-120,-120,-120,-120,-120,-120,-120,-120,-120,-120,-120,-120,-120,-120,-120,-120,-120,-120,-120,-120,-120,-120,-120,-120,-120,-120,-120,-120,-120,-120,-120,-120,-120,-120,-120,-120,-120,-120,-120,-120,-120,-120,-120,-120,-120,-120,-120,-120,-120,-120,-120,-120,-120,-120,-120,-120,-120,-120,-120,-120,-120,-120,-120,-120,-120,-120,-120,-120,-120,-120,-120,-120,-120,-120,-120,-120,-120,-120,-120,-120,-120,-120,-120,-120,-120,-120,-120,-120,-120,-120,-120,-120,-120,-120,-120,-120,-120,-120,-120,-120,-120,-120,-120,-120,-120,-120,-120,-120,-120,-120,-120,-120,-120,-120,-120,-120,-120,-120,-120,-120,-120,-120,-120,-120,-120,-120,-120,-120,-120,-120,-120,-120,-120,-120,-120,-120,-120,-120,-120,-120,-120,-120,-120,-120,-120,-120,-120,-120,-120,-120,-120,-120,-120,-120,-120,-120,-120,-120,-120,-120,-120,-120,-120,-120,-120,-120,-120,-120,-120,-120,-120,-120,-120,-120,-120,-120,-120,-120,-120,-120,-120,-120,-120,-120,-120,-120,-120,-120,-120,-120,-120,-120,-120,-120,-120,-120,-120,-120,-120,-120,-120,-120,-120,-120,-120,-120,-120,-120,-120,-120,-120,-120,-120,-120,-120,-120,-120,-120,-120,-120,-120
256,-120,-120,-120,-120,-120,-120,-120,-120,-120,-120,-120,-120,-120,-120,-120,-120,-120,-120,-120,-120,-120,-120,-120,-120,-120,-120,-120,-120,-120,-120,-120,-120,-120,-120,-120,-120,-120,-120,-120,-120,-120,-120,-120,-120,-120,-120,-120,-120,-120,-120,-120,-120,-120,-120,-120,-120,-120,-120,-120,-120,-120,-120,-120,-120,-120,-120,-120,-120,-120,-120,-120,-120,-120,-120,-120,-120,-120,-120,-120,-120,-120,-120,-120,-120,-120,-120,-120,-120,-120,-120,-120,-120,-120,-120,-120,-120,-120,-120,-120,-120,-120,-120,-120,-120,-120,-120,-120,-120,-120,-120,-120,-120,-120,-120,-120,-120,-120,-120,-120,-120,-120,-120,-120,-120,-120,-120,-120,-120,-120,-120,-120,-120,-120,-120,-120,-120,-120,-120,-120,-81.0415,-120,-120,-120,-120,-120,-120,-120,-120,-120,-120,-120,-120,-120,-120,-120,-120,-120,-120,-120,-120,-120,-120,-120,-120,-120,-120,-120,-120,-120,-120,-120,-120,-120,-120,-120,-120,-120,-120,-120,-120,-120,-120,-120,-120,-120,-120,-120,-120,-120,-120,-120,-120,-120,-120,-120,-120,-120,-120,-120,-120,-120,-120,-120,-120,-120,-120,-120,-120,-120,-120,-120,-120,-120,-120,-120,-120,-120,-120,-120,-120,-120,-120,-120,-120,-120,-120
260,-120,-120,-120,-120,-120,-120,-120,-120,-120,-120,-120,-120,-120,-120,-120,-120,-120,-120,-120,-120,-120,-120,-120,-120,-120,-120,-120,-120,-120,-120,-120,-120,-120,-120,-120,-120,-120,-120,-120,-120,-120,-120,-120,-120,-120,-120,-120,-120,-120,-120,-120,-120,-120,-120,-120,-120,-120,-120,-120,-120,-120,-120,-120,-120,-120,-120,-120,-120,-120,-120,-120,-120,-120,-120,-120,-120,-120,-120,-120,-120,-120,-120,-120,-120,-120,-120,-120,-120,-120,-120,-120,-120,-120,-120,-120,-120,-120,-120,-120,-120,-120,-120,-120,-120,-120,-120,-120,-120,-120,-120,-120,-120,-120,-120,-120,-120,-120,-120,-120,-120,-120,-120,-120,-120,-120,-120,-120,-120,-120,-120,-120,-120,-120,-120,-120,-120,-120,-120,-120,-120,-120,-120,-120,-120,-120,-120,-120,-120,-120,-120,-120,-120,-120,-120,-120,-120,-120,-120,-120,-120,-120,-120,-120,-120,-120,-120,-120,-120,-120,-120,-120,-120,-120,-120,-120,-120,-120,-120,-120,-120,-120,-120,-120,-120,-120,-120,-120,-120,-120,-120,-120,-120,-120,-120,-120,-120,-120,-120,-120,-120,-120,-120,-120,-120,-120,-120,-120,-120,-120,-120,-120,-120,-120,-120,-120,-120,-120,-120,-120,-120,-120,-120,-120,-120,-120,-120
264,-120,-120,-120,-120,-120,-120,-120,-120,-120,-120,-120,-120,-120,-120,-120,-120,-120,-120,-120,-120,-120,-120,-120,-120,-120,-120,-120,-120,-120,-120,-120,-120,-120,-120,-120,-120,-120,-120,-120,-120,-120,-120,-120,-120,-120,-120,-120,-120,-120,-120,-120,-120,-120,-120,-120,-120,-120,-120,-120,-120,-120,-120,-120,-120,-120,-120,-120,-120,-120,-120,-120,-120,-120,-120,-120,-120,-120,-120,-120,-120,-120,-120,-120,-120,-120,-120,-120,-120,-120,-120,-120,-120,-120,-120,-120,-120,-120,-120,-120,-120,-120,-120,-120,-120,-120,-120,-120,-120,-120,-120,-120,-120,-120,-120,-120,-120,-120,-120,-120,-120,-120,-120,-120,-120,-120,-120,-120,-120,-120,-120,-120,-120,-120,-120,-120,-120,-120,-120,-120,-120,-120,-120,-120,-120,-120,-120,-120,-120,-120,-120,-120,-120,-120,-120,-120,-120,-120,-120,-120,-120,-120,-120,-120,-120,-120,-120,-120,-120,-120,-120,-120,-120,-120,-120,-120,-120,-120,-120,-120,-120,-120,-120,-120,-120,-120,-120,-120,-120,-120,-120,-120,-120,-120,-120,-120,-120,-120,-120,-120,-120,-120,-120,-120,-120,-120,-120,-120,-120,-120,-120,-120,-120,-120,-120,-120,-120,-120,-120,-120,-120,-120,-120,-120,-120,-120,-120
268,-120,-120,-120,-120,-120,-120,-120,-120,-120,-120,-120,-120,-120,-120,-120,-120,-120,-120,-120,-120,-120,-120,-120,-120,-120,-120,-120,-120,-120,-120,-120,-120,-120,-120,-120,-120,-120,-120,-120,-120,-120,-120,-120,-120,-120,-120,-120,-120,-120,-120,-120,-120,-120,-120,-120,-120,-120,-120,-120,-120,-120,-120,-120,-120,-120,-120,-120,-120,-120,-120,-120,-120,-120,-120,-120,-120,-120,-120,-120,-120,-120,-120,-120,-120,-120,-120,-120,-120,-120,-120,-120,-120,-120,-120,-120,-120,-120,-120,-120,-120,-120,-120,-120,-120,-120,-120,-120,-120,-120,-120,-120,-120,-120,-120,-120,-120,-120,-120,-120,-120,-120,-120,-120,-120,-120,-120,-120,-120,-120,-120,-120,-120,-120,-120,-120,-120,-120,-120,-120,-120,-120,-120,-120,-120,-120,-120,-120,-120,-120,-120,-120,-120,-120,-120,-120,-120,-120,-120,-120,-120,-120,-120,-120,-120,-120,-120,-120,-120,-120,-120,-120,-120,-120,-120,-120,-120,-120,-120,-120,-120,-120,-120,-120,-120,-120,-120,-120,-120,-120,-120,-120,-120,-120,-120,-120,-120,-120,-120,-120,-120,-120,-120,-120,-120,-120,-120,-120,-120,-120,-120,-120,-120,-120,-120,-120,-120,-120,-120,-120,-120,-120,-120,-120,-120,-120,-120
272,-120,-120,-120,-120,-120,-120,-120,-120,-120,-120,-120,-120,-120,-120,-120,-120,-120,-120,-120,-120,-120,-80.0903,-120,-120,-120,-120,-120,-120,-120,-120,-120,-120,-120,-120,-120,-120,-120,-120,-120,-120,-120,-120,-120,-120,-120,-120,-120,-120,-120,-120,-120,-120,-120,-120,-120,-120,-120,-120,-120,-120,-120,-120,-120,-120,-120,-120,-120,-120,-120,-120,-120,-120,-120,-120,-120,-120,-120,-120,-120,-120,-120,-120,-120,-120,-120,-120,-120,-120,-120,-120,-120,-120,-120,-120,-120,-120,-120,-120,-120,-120,-120,-120,-120,-120,-120,-120,-120,-120,-120,-120,-120,-120,-120,-120,-120,-120,-120,-120,-120,-120,-120,-120,-120,-120,-120,-120,-120,-120,-120,-120,-120,-120,-120,-120,-120,-120,-120,-120,-120,-120,-120,-120,-120,-120,-120,-120,-120,-120,-120,-120,-120,-120,-120,-120,-120,-120,-120,-120,-120,-120,-120,-120,-120,-120,-120,-120,-120,-120,-120,-120,-120,-120,-120,-120,-120,-120,-120,-120,-120,-120,-120,-120,-120,-120,-120,-120,-120,-120,-120,-120,-120,-120,-120,-120,-120,-120,-120,-120,-120,-120,-120,-120,-120,-120,-120,-120,-120,-120,-120,-120,-120,-120,-120,-120,-120,-120,-120,-120,-120,-120,-120,-120,-120,-120,-120,-120
276,-120,-120,-120,-120,-120,-120,-120,-120,-120,-120,-120,-120,-120,-120,-120,-120,-120,-120,-120,-120,-120,-120,-120,-120,-120,-120,-120,-120,-120,-120,-120,-120,-120,-120,-120,-120,-120,-120,-120,-120,-120,-120,-120,-120,-120,-120,-120,-120,-120,-120,-120,-120,-120,-120,-120,-120,-120,-120,-120,-120,-120,-120,-120,-120,-120,-120,-120,-120,-120,-120,-120,-120,-120,-120,-120,-120,-120,-120,-120,-120,-120,-120,-120,-120,-120,-120,-120,-120,-120,-120,-120,-120,-120,-120,-120,-120,-120,-120,-120,-120,-120,-120,-120,-120,-120,-120,-120,-120,-120,-120,-120,-120,-120,-120,-120,-120,-120,-120,-120,-120,-120,-120,-120,-120,-120,-120,-120,-120,-120,-120,-120,-120,-120,-120,-120,-120,-120,-120,-120,-120,-120,-120,-120,-120,-120,-120,-120,-120,-120,-120,-120,-120,-120,-120,-120,-120,-120,-120,-120,-120,-120,-120,-120,-120,-120,-120,-120,-120,-120,-120,-120,-120,-120,-120,-120,-120,-120,-120,-120,-120,-120,-120,-120,-120,-120,-120,-120,-120,-120,-120,-120,-120,-120,-120,-120,-120,-120,-120,-120,-120,-120,-120,-120,-120,-120,-120,-120,-120,-120,-120,-120,-120,-120,-120,-120,-120,-120,-120,-120,-120,-120,-120,-120,-120,-120,-120
280,-120,-120,-120,-120,-120,-120,-120,-120,-120,-120,-120,-120,-120,-120,-120,-120,-120,-120,-120,-120,-120,-120,-120,-120,-120,-120,-120,-120,-120,-120,-120,-120,-120,-120,-120,-120,-120,-120,-120,-120,-120,-120,-120,-120,-120,-120,-120,-120,-120,-120,-120,-120,-120,-120,-120,-120,-120,-120,-120,-120,-120,-120,-120,-120,-120,-120,-120,-120,-120,-120,-120,-120,-120,-120,-120,-120,-120,-120,-120,-120,-120,-120,-120,-120,-120,-120,-120,-120,-120,-120,-120,-120,-120,-120,-120,-120,-120,-120,-120,-120,-120,-120,-120,-120,-120,-120,-120,-120,-120,-120,-120,-120,-120,-120,-120,-120,-120,-120,-120,-120,-120,-120,-120,-120,-120,-120,-120,-120,-120,-120,-120,-120,-120,-120,-120,-120,-120,-120,-120,-120,-120,-120,-120,-120,-120,-120,-120,-120,-120,-120,-120,-120,-120,-120,-120,-120,-120,-120,-120,-120,-120,-120,-120,-120,-120,-120,-120,-120,-120,-120,-120,-120,-120,-120,-120,-120,-120,-120,-120,-120,-120,-120,-120,-120,-120,-120,-120,-120,-120,-120,-120,-120,-120,-120,-120,-120,-120,-120,-120,-120,-120,-120,-120,-120,-120,-120,-120,-120,-120,-120,-120,-120,-120,-120,-120,-120,-120,-120,-120,-120,-120,-120,-120,-120,-120,-120
284,-120,-120,-120,-120,-120,-120,-120,-120,-120,-120,-120,-120,-120,-120,-120,-120,-120,-120,-120,-120,-120,-120,-120,-120,-120,-120,-120,-120,-120,-120,-120,-120,-120,-120,-120,-120,-120,-120,-120,-120,-120,-120,-120,-120,-120,-120,-120,-120,-120,-120,-120,-120,-120,-120,-120,-120,-120,-120,-120,-120,-120,-120,-120,-120,-120,-120,-120,-120,-120,-120,-120,-120,-120,-120,-120,-120,-120,-120,-120,-120,-120,-120,-120,-120,-120,-120,-120,-120,-120,-120,-120,-120,-120,-120,-120,-77.2257,-120,-120,-120,-120,-120,-120,-120,-120,-120,-120,-120,-120,-120,-120,-120,-120,-120,-120,-120,-120,-120,-120,-120,-120,-120,-120,-120,-120,-120,-120,-120,-120,-120,-120,-120,-120,-120,-120,-120,-120,-120,-120,-120,-120,-120,-120,-120,-120,-120,-120,-120,-120,-120,-120,-120,-120,-120,-120,-120,-120,-120,-120,-120,-120,-120,-120,-120,-120,-120,-120,-120,-120,-120,-120,-120,-120,-120,-120,-120,-120,-120,-120,-120,-120,-120,-120,-120,-120,-120,-120,-120,-120,-120,-120,-120,-120,-120,-120,-120,-120,-120,-120,-120,-120,-120,-120,-120,-120,-120,-120,-120,-120,-120,-120,-120,-120,-120,-120,-120,-120,-120,-120,-120,-120,-120,-120,-120,-120,-120,-120
288,-120,-120,-120,-120,-120,-120,-120,-120,-120,-120,-120,-120,-120,-120,-120,-120,-120,-120,-120,-120,-120,-120,-120,-120,-120,-120,-120,-120,-120,-120,-120,-120,-120,-120,-120,-120,-120,-120,-120,-120,-120,-120,-120,-120,-120,-120,-120,-120,-120,-120,-120,-120,-120,-120,-120,-120,-120,-120,-120,-120,-120,-120,-120,-120,-120,-120,-120,-120,-120,-120,-120,-120,-120,-120,-120,-120,-120,-120,-120,-120,-120,-120,-120,-120,-120,-120,-120,-120,-120,-120,-120,-120,-120,-120,-120,-120,-120,-120,-120,-120,-120,-120,-120,-120,-120,-120,-120,-120,-120,-120,-120,-120,-120,-120,-120,-120,-120,-120,-120,-120,-120,-120,-120,-120,-120,-120,-120,-120,-120,-120,-120,-120,-120,-120,-120,-120,-120,-120,-120,-120,-120,-120,-120,-120,-120,-120,-120,-120,-120,-120,-120,-120,-120,-120,-120,-120,-120,-120,-120,-120,-120,-120,-120,-120,-120,-120,-120,-120,-120,-120,-120,-120,-120,-120,-120,-120,-120,-120,-120,-120,-120,-120,-120,-120,-120,-120,-120,-120,-120,-120,-120,-120,-120,-120,-120,-120,-120,-120,-120,-120,-120,-120,-120,-120,-120,-120,-120,-120,-120,-120,-120,-120,-120,-120,-120,-120,-120,-120,-120,-120,-120,-120,-120,-120,-120,-120
292,-120,-120,-120,-120,-120,-120,-120,-120,-120,-120,-120,-120,-120,-120,-120,-120,-120,-120,-120,-120,-120,-120,-120,-120,-120,-120,-120,-120,-120,-120,-120,-120,-120,-120,-120,-120,-120,-120,-120,-120,-120,-120,-120,-120,-120,-120,-120,-120,-120,-120,-120,-120,-120,-120,-120,-120,-120,-120,-120,-120,-120,-120,-120,-120,-120,-120,-120,-120,-120,-120,-120,-120,-120,-120,-120,-120,-120,-120,-120,-120,-120,-120,-120,-120,-120,-120,-120,-120,-120,-120,-120,-120,-120,-120,-120,-120,-120,-120,-120,-120,-120,-120,-120,-120,-120,-120,-120,-120,-120,-120,-120,-120,-120,-120,-120,-120,-120,-120,-120,-120,-120,-120,-120,-120,-120,-120,-120,-120,-120,-120,-120,-120,-120,-120,-120,-120,-120,-120,-120,-120,-120,-120,-120,-120,-120,-120,-120,-120,-120,-120,-120,-120,-120,-120,-120,-120,-120,-120,-120,-120,-120,-120,-120,-120,-120,-120,-120,-120,-120,-120,-120,-120,-120,-120,-120,-120,-120,-120,-120,-120,-120,-120,-120,-120,-120,-120,-120,-120,-120,-120,-120,-120,-120,-120,-120,-120,-120,-120,-120,-120,-120,-120,-120,-120,-120,-120,-120,-120,-120,-120,-120,-120,-120,-120,-120,-120,-120,-120,-120,-120,-120,-120,-120,-120,-120,-120
296,-120,-120,-120,-120,-120,-120,-120,-120,-120,-120,-120,-120,-120,-120,-120,-120,-120,-120,-120,-120,-120,-120,-120,-120,-120,-120,-120,-120,-120,-120,-120,-120,-120,-120,-120,-120,-120,-120,-120,-120,-120,-120,-120,-120,-120,-120,-120,-120,-120,-120,-120,-120,-120,-120,-120,-120,-120,-120,-120,-120,-120,-120,-120,-120,-120,-120,-120,-120,-120,-120,-120,-120,-120,-120,-120,-120,-120,-120,-120,-120,-120,-120,-120,-120,-120,-120,-120,-120,-120,-120,-120,-120,-120,-120,-120,-120,-120,-120,-120,-120,-120,-120,-120,-120,-120,-120,-120,-120,-120,-120,-120,-120,-120,-120,-120,-120,-120,-120,-120,-120,-120,-120,-120,-120,-120,-120,-120,-120,-120,-120,-120,-120,-120,-120,-120,-120,-120,-120,-120,-81.2332,-120,-120,-120,-120,-120,-120,-120,-120,-120,-120,-120,-120,-120,-120,-120,-120,-120,-120,-120,-120,-120,-120,-120,-120,-120,-120,-120,-120,-120,-120,-120,-120,-120,-120,-120,-120,-120,-120,-120,-120,-120,-120,-120,-120,-120,-120,-120,-120,-120,-120,-120,-120,-120,-120,-120,-120,-120,-120,-120,-120,-120,-120,-120,-120,-120,-120,-120,-120,-120,-120,-120,-120,-120,-120,-120,-120,-120,-120,-120,-120,-120,-120,-120,-120,-120,-120
300,-120,-120,-120,-120,-120,-120,-120,-120,-120,-120,-120,-120,-120,-120,-120,-120,-120,-120,-120,-120,-120,-120,-120,-120,-120,-120,-120,-120,-120,-120,-120,-120,-120,-120,-120,-120,-120,-120,-120,-120,-120,-120,-120,-120,-120,-120,-120,-120,-120,-120,-120,-120,-120,-120,-120,-120,-120,-120,-120,-120,-120,-120,-120,-120,-120,-120,-120,-120,-120,-120,-120,-120,-120,-120,-120,-120,-120,-120,-120,-120,-120,-120,-120,-120,-120,-120,-120,-120,-120,-120,-120,-120,-120,-120,-120,-120,-120,-120,-120,-120,-120,-120,-120,-120,-120,-120,-120,-120,-120,-120,-120,-120,-120,-120,-120,-120,-120,-120,-120,-120,-120,-120,-120,-120,-120,-120,-120,-120,-120,-120,-120,-120,-120,-120,-120,-120,-120,-120,-120,-120,-120,-120,-120,-120,-120,-120,-120,-120,-120,-120,-120,-120,-120,-120,-120,-120,-120,-120,-120,-120,-120,-120,-120,-120,-120,-120,-120,-120,-120,-120,-120,-120,-120,-120,-120,-120,-120,-120,-120,-120,-120,-120,-120,-120,-120,-120,-120,-120,-120,-120,-120,-120,-120,-120,-120,-120,-120,-120,-120,-120,-120,-120,-120,-120,-120,-120,-120,-120,-120,-120,-120,-120,-120,-120,-120,-120,-120,-120,-120,-120,-120,-120,-120,-120,-120,-120
304,-120,-120,-120,-120,-120,-120,-120,-120,-120,-120,-120,-120,-120,-120,-120,-120,-120,-120,-120,-120,-120,-120,-120,-120,-120,-120,-120,-120,-120,-120,-120,-120,-120,-120,-120,-120,-120,-120,-120,-120,-120,-120,-120,-120,-120,-120,-120,-120,-120,-120,-120,-120,-120,-120,-120,-120,-120,-120,-120,-120,-120,-120,-120,-120,-120,-120,-120,-120,-120,-120,-120,-120,-120,-120,-120,-120,-120,-120,-120,-120,-120,-120,-120,-120,-120,-120,-120,-120,-120,-120,-120,-120,-120,-120,-120,-120,-120,-120,-120,-120,-120,-120,-120,-120,-120,-120,-120,-120,-120,-120,-120,-120,-120,-120,-120,-120,-120,-120,-120,-120,-120,-120,-120,-120,-120,-120,-120,-120,-120,-120,-120,-120,-120,-120,-120,-120,-120,-120,-120,-120,-120,-120,-120,-120,-120,-120,-120,-120,-120,-120,-120,-120,-120,-120,-120,-120,-120,-120,-120,-120,-120,-120,-120,-120,-120,-120,-120,-120,-120,-120,-120,-120,-120,-120,-120,-120,-120,-120,-120,-120,-120,-120,-120,-120,-120,-120,-120,-120,-120,-120,-120,-120,-120,-120,-120,-120,-120,-120,-120,-120,-120,-120,-120,-120,-120,-120,-120,-120,-120,-120,-120,-120,-120,-120,-120,-120,-120,-120,-120,-120,-120,-120,-120,-120,-120,-120
308,-120,-120,-120,-120,-120,-120,-120,-120,-120,-120,-120,-120,-120,-120,-120,-120,-120,-120,-120,-120,-120,-120,-120,-120,-120,-120,-120,-120,-120,-120,-120,-120,-120,-120,-120,-120,-120,-120,-120,-120,-120,-120,-120,-120,-120,-120,-120,-120,-120,-120,-120,-120,-120,-120,-120,-120,-120,-120,-120,-120,-120,-120,-120,-120,-120,-120,-120,-120,-120,-120,-120,-120,-120,-120,-120,-120,-120,-120,-120,-120,-120,-120,-120,-120,-120,-120,-120,-120,-120,-120,-120,-120,-120,-120,-120,-120,-120,-120,-120,-120,-120,-120,-120,-120,-120,-120,-120,-120,-120,-120,-120,-120,-120,-120,-120,-120,-120,-120,-120,-120,-120,-120,-120,-120,-120,-120,-120,-120,-120,-120,-120,-120,-120,-120,-120,-120,-120,-120,-120,-120,-120,-120,-120,-120,-120,-120,-81.236,-120,-120,-120,-120,-120,-120,-120,-120,-120,-120,-120,-120,-120,-120,-120,-120,-120,-120,-120,-120,-120,-120,-120,-120,-120,-120,-120,-120,-120,-120,-120,-120,-120,-120,-120,-120,-120,-120,-120,-120,-120,-120,-120,-120,-120,-120,-120,-120,-120,-120,-120,-120,-120,-120,-120,-120,-120,-120,-120,-120,-120,-120,-120,-120,-120,-120,-120,-120,-120,-120,-120,-120,-120,-120,-120,-120,-120,-120,-120
312,-120,-120,-120,-120,-120,-120,-120,-120,-120,-120,-120,-120,-120,-120,-120,-120,-120,-120,-120,-120,-120,-120,-120,-120,-120,-120,-120,-120,-120,-120,-120,-120,-120,-120,-120,-120,-120,-120,-120,-120,-120,-120,-120,-120,-120,-120,-120,-120,-120,-120,-120,-120,-120,-120,-120,-120,-120,-120,-120,-120,-120,-120,-120,-120,-120,-120,-120,-120,-120,-120,-120,-120,-120,-120,-120,-120,-120,-120,-120,-120,-120,-120,-120,-120,-120,-120,-120,-120,-120,-120,-120,-120,-120,-120,-120,-120,-120,-120,-120,-120,-120,-120,-120,-120,-120,-120,-120,-120,-120,-120,-120,-120,-120,-120,-120,-120,-120,-120,-120,-120,-120,-120,-120,-120,-120,-120,-120,-120,-120,-120,-120,-120,-120,-120,-120,-120,-120,-120,-120,-120,-120,-120,-120,-120,-120,-120,-120,-120,-120,-120,-120,-120,-120,-120,-120,-120,-120,-120,-120,-120,-120,-120,-120,-120,-120,-120,-120,-120,-120,-120,-120,-120,-120,-120,-120,-120,-120,-120,-120,-120,-120,-120,-120,-120,-120,-120,-120,-120,-120,-120,-120,-120,-120,-120,-120,-120,-120,-120,-120,-120,-120,-120,-120,-120,-120,-120,-120,-120,-120,-120,-120,-120,-120,-120,-120,-120,-120,-120,-120,-120,-120,-120,-120,-120,-120,-120
316,-120,-120,-120,-120,-120,-120,-120,-120,-120,-120,-120,-120,-120,-120,-120,-120,-120,-120,-120,-120,-120,-120,-120,-120,-120,-120,-120,-120,-120,-120,-120,-120,-120,-120,-120,-120,-120,-120,-120,-120,-120,-120,-120,-120,-120,-120,-120,-120,-120,-120,-120,-120,-120,-120,-120,-120,-120,-120,-120,-120,-120,-120,-120,-120,-120,-120,-120,-120,-120,-120,-120,-120,-120,-120,-120,-120,-120,-120,-120,-120,-120,-120,-120,-120,-120,-120,-120,-120,-120,-120,-120,-120,-120,-120,-120,-120,-120,-120,-120,-120,-120,-120,-120,-120,-120,-120,-120,-120,-120,-120,-120,-120,-120,-120,-120,-120,-120,-120,-120,-120,-120,-120,-120,-120,-120,-120,-120,-120,-120,-120,-120,-120,-120,-120,-120,-120,-120,-120,-120,-120,-120,-120,-120,-120,-120,-120,-120,-120,-120,-120,-120,-120,-120,-120,-120,-120,-120,-120,-120,-120,-120,-120,-120,-120,-120,-120,-120,-120,-120,-120,-120,-120,-120,-120,-120,-120,-120,-120,-120,-120,-120,-120,-120,-120,-120,-120,-120,-120,-120,-120,-120,-120,-120,-120,-120,-120,-120,-120,-120,-120,-120,-120,-120,-120,-120,-120,-120,-120,-120,-120,-120,-120,-120,-120,-120,-120,-120,-120,-120,-120,-120,-120,-120,-120,-120,-120
320,-120,-120,-120,-120,-120,-120,-120,-120,-120,-120,-120,-120,-120,-120,-120,-120,-120,-120,-120,-120,-120,-120,-120,-120,-120,-120,-120,-120,-120,-120,-120,-120,-120,-120,-120,-120,-120,-120,-120,-120,-120,-120,-120,-120,-120,-120,-120,-120,-120,-120,-120,-120,-120,-120,-120,-120,-120,-120,-120,-120,-120,-120,-120,-120,-120,-120,-120,-120,-120,-120,-120,-120,-120,-120,-120,-120,-120,-120,-120,-120,-120,-120,-120,-120,-120,-120,-120,-120,-120,-120,-120,-120,-120,-120,-120,-120,-120,-120,-120,-120,-120,-120,-120,-120,-120,-120,-120,-120,-120,-120,-120,-120,-120,-120,-120,-120,-120,-120,-120,-120,-120,-120,-120,-120,-120,-120,-120,-120,-120,-120,-120,-120,-120,-120,-120,-120,-120,-120,-120,-120,-120,-120,-120,-120,-120,-120,-120,-120,-120,-120,-120,-120,-120,-120,-120,-120,-120,-120,-120,-120,-120,-120,-120,-120,-120,-120,-120,-120,-120,-120,-120,-120,-120,-120,-120,-120,-120,-120,-120,-120,-120,-120,-120,-120,-120,-120,-120,-120,-120,-120,-120,-120,-120,-120,-120,-120,-120,-120,-120,-120,-120,-120,-120,-120,-120,-120,-120,-120,-120,-120,-120,-120,-120,-120,-120,-120,-120,-120,-120,-120,-120,-120,-120,-120,-120,-120
324,-120,-120,-120,-120,-120,-120,-120,-120,-120,-120,-120,-120,-120,-120,-120,-120,-120,-120,-120,-120,-120,-120,-120,-120,-120,-120,-120,-120,-120,-120,-120,-120,-120,-120,-120,-120,-120,-120,-120,-120,-120,-120,-120,-120,-120,-120,-120,-120,-120,-120,-120,-120,-120,-120,-120,-120,-120,-120,-120,-120,-120,-120,-120,-120,-120,-120,-120,-120,-120,-120,-120,-120,-120,-120,-120,-120,-120,-120,-120,-120,-120,-120,-120,-120,-120,-120,-120,-120,-120,-120,-120,-120,-120,-120,-120,-120,-120,-120,-120,-120,-120,-120,-120,-120,-120,-120,-120,-120,-120,-120,-120,-120,-120,-120,-120,-120,-120,-120,-120,-120,-120,-120,-120,-120,-120,-120,-120,-120,-120,-120,-120,-120,-120,-120,-120,-120,-120,-120,-120,-120,-120,-120,-120,-120,-120,-120,-120,-120,-120,-120,-120,-120,-120,-120,-120,-120,-120,-120,-120,-120,-120,-120,-120,-120,-120,-120,-120,-120,-120,-120,-120,-120,-120,-120,-120,-120,-120,-120,-120,-120,-120,-120,-120,-120,-120,-120,-120,-120,-120,-120,-120,-120,-120,-120,-120,-120,-120,-120,-120,-120,-120,-120,-120,-120,-120,-120,-120,-120,-120,-120,-120,-120,-120,-120,-120,-120,-120,-120,-120,-120,-120,-120,-120,-120,-120,-120
328,-120,-120,-120,-120,-120,-120,-120,-120,-120,-120,-120,-120,-120,-120,-120,-120,-120,-120,-120,-120,-120,-120,-120,-120,-120,-120,-120,-120,-120,-120,-120,-120,-120,-120,-120,-120,-120,-120,-120,-120,-120,-120,-120,-120,-120,-120,-120,-120,-120,-120,-120,-120,-120,-120,-120,-120,-120,-120,-120,-120,-120,-120,-120,-120,-120,-120,-120,-120,-120,-120,-120,-120,-120,-120,-120,-120,-120,-120,-120,-120,-120,-120,-120,-120,-120,-120,-120,-120,-120,-120,-120,-120,-120,-120,-120,-120,-120,-120,-120,-120,-120,-120,-120,-120,-120,-120,-120,-120,-120,-120,-120,-120,-120,-120,-120,-120,-120,-120,-120,-120,-120,-120,-120,-120,-120,-120,-120,-120,-120,-120,-120,-120,-120,-120,-120,-120,-120,-120,-120,-120,-120,-120,-120,-120,-120,-120,-120,-120,-120,-120,-120,-120,-120,-120,-120,-120,-120,-120,-120,-120,-120,-120,-120,-120,-120,-120,-120,-120,-120,-120,-120,-120,-120,-120,-120,-120,-120,-120,-120,-120,-120,-120,-120,-120,-120,-120,-120,-120,-120,-120,-120,-120,-120,-120,-120,-120,-120,-120,-120,-120,-120,-120,-120,-120,-120,-120,-120,-120,-120,-120,-120,-120,-120,-120,-120,-120,-120,-120,-120,-120,-120,-120,-120,-120,-120,-120
332,-120,-120,-120,-120,-120,-120,-120,-120,-120,-120,-120,-120,-120,-120,-120,-120,-120,-120,-120,-120,-120,-120,-120,-120,-120,-120,-120,-120,-120,-120,-120,-120,-120,-120,-120,-120,-120,-120,-120,-120,-120,-120,-120,-120,-120,-120,-120,-120,-120,-120,-120,-120,-120,-120,-120,-120,-120,-120,-120,-120,-120,-120,-120,-120,-120,-120,-120,-120,-120,-120,-120,-120,-120,-120,-120,-120,-120,-120,-120,-120,-120,-120,-120,-120,-120,-120,-120,-120,-120,-120,-120,-120,-120,-120,-120,-120,-120,-120,-120,-120,-120,-120,-120,-120,-120,-120,-120,-120,-120,-120,-120,-120,-120,-120,-120,-120,-120,-120,-120,-120,-120,-120,-120,-120,-120,-120,-120,-120,-120,-120,-120,-120,-120,-120,-120,-120,-120,-120,-120,-120,-120,-120,-120,-120,-120,-120,-120,-120,-120,-120,-120,-120,-120,-120,-120,-120,-120,-120,-120,-120,-120,-120,-120,-120,-120,-120,-120,-120,-120,-120,-120,-120,-120,-120,-120,-120,-120,-120,-120,-120,-120,-120,-120,-120,-120,-120,-120,-120,-120,-120,-120,-120,-120,-120,-120,-120,-120,-120,-120,-120,-120,-120,-120,-120,-120,-120,-120,-120,-120,-120,-120,-120,-120,-120,-120,-120,-120,-120,-120,-120,-120,-120,-120,-120,-120,-120
